이름,우편번호,주소,주소상세,전화번호,이메일
한현주,45357,부산광역시 영등포구 백제고분22길 90,옥순조장연립,02-4644-9318,kgim@example.com
김민지,14927,울산광역시 구로구 반포대145가 500 (우진이면),정수주민타워 J동 152호,018-324-4824,yeongilhong@example.org
류영숙,00985,경상남도 강릉시 양재천01길 988 (서현서면),진우이이타운 161호,02-4966-7060,minseo68@example.net
신정숙,61040,충청북도 영동군 석촌호수82가 303 (상현문문마을),민재김이마을 846호,016-661-2685,vi@example.com
신도현,65069,경상남도 용인시 기흥구 영동대19로 54 (윤서송우읍),아름김연립 638호,063-469-1984,caeweonbaeg@example.net
김예지,17142,광주광역시 동작구 개포길 174 (미정김이읍),현지이아파트 453동 625호,019-204-5196,yeongsungim@example.net
최은서,65466,경기도 아산시 영동대거리 373-93,옥순이엄연립 O동 367호,061-933-7443,seonyeonghwang@example.com
김미숙,65904,경상북도 안산시 반포대로 지하726,정수양빌라 S동 860호,031-290-5477,migyeongryu@example.net
황영순,48454,경기도 안산시 단원구 오금거리 372,상현박빌라,055-178-3963,vyun@example.net
박순자,97451,충청북도 금산군 양재천거리 267 (현정나조마을),영일장이타운,052-491-8255,xmin@example.org
김도현,79054,강원도 광주시 선릉809길 586,아름이정빌라,063-190-9304,mbag@example.org
장민서,44094,제주특별자치도 광명시 오금거리 7-68 (숙자박면),아름박구마을 J동 185호,061-658-7895,pgim@example.com
이영순,42941,강원도 음성군 잠실806길 965-86 (성진김면),은지양서아파트 V동 657호,053-769-6202,ngim@example.org
김정희,78975,울산광역시 강남구 양재천거리 265,미영강이빌라 A동 523호,055-041-2334,hyeonji41@example.com
김지영,94911,서울특별시 용산구 석촌호수로 326-14,지영이박타워 G동 987호,054-073-0535,ijihu@example.org
김지연,26489,대전광역시 강서구 역삼가 지하276 (성훈김읍),정남최민빌라 067호,041-130-5138,ryujimin@example.org
김현숙,37821,대구광역시 강남구 봉은사457길 805 (정식박윤리),미정송김타운 F동 338호,062-749-6336,hyeonji79@example.org
김도현,46628,충청북도 의왕시 역삼191로 467 (정호홍마을),시우심이마을 268호,051-159-2822,gimyeongsig@example.org
윤미영,98344,경기도 예산군 오금2로 315 (지아이동),혜진진연립 라동 765호,033-035-7348,anbyeongceol@example.org
윤도현,61403,제주특별자치도 군포시 백제고분5로 709-14 (미정홍리),성진권송연립 I동 953호,064-764-7606,rbag@example.org
박민수,57110,경상남도 충주시 영동대1길 832-97,경수김아파트 920호,033-070-2779,jimincoe@example.org
성영호,60041,서울특별시 종로구 삼성거리 지하792,정순장빌라,041-816-7546,wheo@example.org
김도현,31108,울산광역시 동작구 양재천길 32 (진호서리),서연김마을,016-495-4553,jangjeongsig@example.com
안현정,44836,대구광역시 성동구 양재천로 143,영길김문연립 557호,061-670-9842,zbag@example.com
양정남,21630,경기도 안산시 상록구 테헤란695로 104,현지성이마을 924호,062-300-6362,areum50@example.net
김지원,96903,대전광역시 용산구 서초대4가 972-67,영길백김빌라,031-825-1143,seojunbag@example.org
김동현,81903,충청북도 의왕시 양재천길 532,지아김아파트 359호,062-359-4309,junyeong83@example.org
박영식,32974,울산광역시 강동구 개포209로 지하687 (서영박읍),상철박김타워 B동 830호,02-7294-1265,igim@example.net
박민수,16756,세종특별자치시 금천구 반포대94로 482 (수진남백읍),선영주마을 779호,02-6374-7738,jihu26@example.net
이재현,18935,인천광역시 북구 양재천가 952 (수민박면),선영이김타운,011-673-3018,gimyeongsu@example.net
박정식,33820,대전광역시 동대문구 영동대가 지하358,영수이타워 U동 349호,016-596-3477,yeongjin14@example.com
백명자,93486,세종특별자치시 동구 봉은사036거리 877,은서권연립,062-205-7646,isugja@example.com
권영진,52100,경상북도 속초시 오금8가 389 (시우김김읍),영길김빌라,02-7688-9166,hasanghun@example.com
한명숙,97463,울산광역시 중랑구 강남대거리 951-37,미경홍고아파트 J동 305호,054-080-1884,igim@example.com
김성훈,41845,서울특별시 서구 봉은사792길 802-95,지아김연립,051-362-3891,eungyeongcoe@example.org
박상현,59233,광주광역시 성북구 반포대로 698,지현심마을,063-321-0965,gyeongjai@example.org
서경희,26824,서울특별시 서초구 백제고분03가 537,은정한주빌라 893호,031-434-5818,yeeun80@example.org
최성진,48090,대구광역시 서대문구 잠실로 457,시우송최타운,042-505-0646,hgim@example.org
양채원,70398,인천광역시 강동구 강남대16로 774-2,민석고이아파트 D동 589호,041-197-9052,yeongjinbag@example.net
이정남,83491,강원도 진천군 양재천841가 334,유진김최빌라,063-891-3095,seonghungim@example.com
최예지,08670,부산광역시 강남구 논현07거리 108-15,옥순김김타운 L동 457호,054-010-1551,sanghyeongim@example.org
양현주,40710,강원도 진천군 가락길 206,주원박타운,033-454-6772,juweon86@example.org
강예은,25071,충청남도 단양군 언주로 701-44 (순자김면),은주엄타운 114호,070-2939-1573,gimsiu@example.com
김춘자,89681,대전광역시 서구 영동대로 268 (경수이면),영순김김마을,061-434-9903,yeonghwan75@example.net
이정웅,10345,강원도 음성군 학동00거리 300 (명자이동),수진김아파트 373호,033-671-7572,eunjeongi@example.org
서서준,47571,대구광역시 강북구 백제고분거리 744 (지은양리),현정남장마을 919호,043-483-8597,pi@example.com
이하윤,78522,경상북도 서산시 언주거리 590 (수빈송동),민재김오타운 275호,051-132-6277,baghaeun@example.com
김춘자,46288,울산광역시 광진구 영동대401거리 931-66,성호이류빌라 I동 594호,018-515-0937,kgim@example.org
정서영,59051,인천광역시 노원구 오금54길 지하204,수빈김빌라 794호,031-327-0316,yeongjingim@example.net
손정남,79680,강원도 의정부시 압구정가 446-30 (상호김이면),영길윤마을,031-276-3185,igim@example.net
김은주,11458,광주광역시 광진구 잠실로 607-88,영진송마을 P동 595호,064-721-2249,yeongjinno@example.com
이은서,65944,강원도 논산시 서초중앙74가 142-53,상현김이타워,02-0467-6277,ei@example.org
손예준,19173,경기도 보은군 선릉460로 417 (현우박서면),명자이타워,032-451-3533,junseobag@example.com
김춘자,67248,제주특별자치도 포천시 역삼거리 851-96 (정순김면),민서강타운 O동 024호,053-719-0499,seungmingim@example.net
최지현,79761,전라남도 서천군 선릉7로 지하611,정식김이빌라 A동 659호,011-987-3871,gyeongsug42@example.org
장주원,92732,세종특별자치시 강북구 가락0가 지하970,정숙박타워 O동 056호,053-661-1897,hyeonjui@example.org
이서윤,11273,서울특별시 강동구 반포대18로 464-52,정웅이김타워,070-8865-7342,jinjeongung@example.com
신준영,28581,경상북도 동두천시 개포8거리 605-95,영환이타운 바동 888호,070-8797-2872,jangjeonghyi@example.org
송은지,26886,전라북도 계룡시 서초대54길 지하624 (예은이마을),영길홍신타운,031-987-4502,myeongsug41@example.org
이성민,55114,서울특별시 강동구 개포가 361 (순자배이동),정자최김마을 N동 980호,053-893-3287,ijunhyeog@example.org
오현준,02041,대전광역시 광진구 선릉2거리 624-48,영자이아파트 626호,033-451-0587,seongsu82@example.org
권영환,27644,서울특별시 동대문구 도산대길 지하998 (지연강리),준호김장연립 T동 774호,053-284-2451,gimseoyeong@example.net
김주원,15168,전라북도 하남시 역삼거리 748,영미한아파트 R동 991호,052-960-0088,gimseongho@example.org
배예원,82655,서울특별시 양천구 봉은사길 278,성수김장타운 551호,041-203-6569,vyun@example.org
김시우,91736,서울특별시 동대문구 강남대98로 265 (예지권류리),영숙최타운 962호,042-853-8054,ti@example.com
하은지,67461,경기도 예산군 강남대로 547,영희문한연립 896동 124호,061-203-1695,hi@example.org
김수진,13536,충청남도 원주시 가락거리 65 (윤서김홍마을),민석이아파트 599호,041-144-5055,gyun@example.org
윤서영,53456,울산광역시 양천구 학동거리 945 (민서김읍),선영박타운 588호,042-939-5008,seohyeon21@example.net
문영호,47220,서울특별시 은평구 백제고분로 395-5 (진우양리),영자김연립,070-7233-7249,jiuyun@example.com
오명자,00271,부산광역시 종로구 봉은사79가 164,서윤윤연립 E동 953호,043-735-6253,gwangsu12@example.com
박영일,36857,광주광역시 송파구 언주591거리 931-15 (민수박동),영수김김빌라 165동 439호,055-735-9169,bhong@example.net
이지우,27421,인천광역시 종로구 선릉거리 693-64,영환차아파트 554호,054-799-6429,hyeonju73@example.net
김상훈,03092,인천광역시 남구 서초중앙14가 984,예준박타워 E동 517호,017-707-9824,xsim@example.org
김도현,78086,강원도 여주시 석촌호수7거리 103-41,상현장이연립,064-741-1909,jiweon38@example.net
김숙자,26735,경상남도 과천시 잠실397거리 199-74 (예원이이리),주원진이연립 160호,011-319-7671,migyeong96@example.org
김성현,79956,전라남도 구리시 가락9가 383 (지은한리),영진김빌라 696호,041-152-7684,kgim@example.net
김예준,87946,전라남도 성남시 역삼0거리 78-50,은지최타운 E동 597호,063-711-1042,ryujimin@example.net
곽성훈,49354,강원도 이천시 언주3로 지하278 (상철이김면),춘자송고연립 나동 579호,063-924-7686,baghyeonu@example.org
권지원,85274,인천광역시 성동구 석촌호수가 765,은주김빌라 372호,010-6673-3942,jeongung14@example.net
이진우,54983,전라북도 화천군 백제고분55로 540 (미숙김김면),준서김마을 256호,063-799-1979,eunyeonggim@example.com
이성진,58974,충청북도 수원시 도산대90가 지하166 (명자김이마을),순자김김마을 X동 200호,041-875-6409,yejun57@example.org
허지영,76703,대구광역시 강동구 압구정4거리 565-78,영희박타운,064-700-7726,ei@example.org
강우진,04200,전라남도 속초시 잠실839길 625-30,성현이김아파트 G동 797호,055-771-7116,ni@example.org
양민석,77255,충청북도 고양시 양재천거리 818,승현김연립 597호,044-641-6733,hayungim@example.net
유진우,80895,경기도 옥천군 선릉0로 38-85 (성호김면),민수김아파트 바동 595호,017-499-3759,bageunjeong@example.com
박준호,38660,인천광역시 관악구 압구정082가 389,민재김이마을 S동 782호,051-312-0013,mmun@example.net
김은서,38218,세종특별자치시 마포구 강남대가 29 (지원배읍),숙자황타운 428호,041-872-6132,yeonggil23@example.net
한상호,95564,강원도 광명시 잠실77거리 611 (예원이마을),지은김김연립 291호,033-551-4721,yeongsug98@example.org
김승현,05692,경기도 홍천군 압구정06거리 947,유진장안빌라 162호,064-765-4531,hcoe@example.net
김정훈,58182,경기도 하남시 강남대로 281-91 (영식차리),지아이빌라,043-024-7674,ygweon@example.org
한지아,83366,제주특별자치도 청주시 서원구 서초중앙53가 704 (미영박마을),정희김이아파트,070-3623-4379,yeongja17@example.org
김정숙,13750,부산광역시 노원구 오금가 53,영수이아파트 658호,070-1026-6723,joyeonghwan@example.net
박지민,94684,경상북도 평택시 도산대06로 678,성현김마을,033-082-2704,iyeongsun@example.com
최미경,09677,충청북도 연천군 언주885로 924-74 (도윤김리),윤서최타워 F동 475호,011-052-7131,iyeongsig@example.net
이은정,34846,울산광역시 관악구 잠실로 260-75 (준영김마을),재현박타워 바동 059호,011-153-1870,jeongsugcoe@example.com
이준혁,20005,강원도 포천시 압구정909로 349,옥자최홍타워,032-127-9582,jeongnaman@example.com
이영순,21095,경기도 수원시 팔달구 백제고분6가 287 (지아우이리),영철박마을 954호,054-192-5666,bagjuweon@example.org
노수진,69723,경기도 용인시 압구정로 663 (민석최이동),영환최김타워 E동 306호,010-5187-2629,fgwag@example.com
이현준,34202,대전광역시 관악구 봉은사로 884-83,병철이이타운 607호,062-843-1043,eunjeong01@example.com
오민준,15005,강원도 안양시 만안구 학동가 304 (지우한동),정남김박연립 431호,063-071-5914,yeonggilgim@example.org
최정남,49236,대구광역시 서대문구 석촌호수7로 55-1 (명자곽하마을),성훈박아파트 H동 726호,053-239-8607,seonyeonggim@example.org
이현준,17932,울산광역시 구로구 강남대가 684 (지영이김리),현준문김타운 V동 616호,043-034-2464,ihaeun@example.com
구경희,63401,대전광역시 종로구 언주62길 529 (영철최리),경수이김타운,055-077-5498,hyeonjunyun@example.net
박지혜,02978,대전광역시 구로구 언주가 296 (민서박허마을),진우박타운,017-968-3166,hyejinbag@example.com
김성민,15002,제주특별자치도 양양군 언주길 434,현우최박아파트,054-593-4931,cunja77@example.com
배재현,00288,광주광역시 성동구 영동대25길 37,지현박아파트 J동 494호,010-5653-5636,ohyeonjeong@example.net
이현우,25862,대구광역시 북구 반포대16가 730 (지연한이마을),영진최서타운,055-673-7326,jungsu86@example.org
오병철,76884,경기도 안양시 언주거리 지하341,유진김빌라,042-509-1347,hyeonju97@example.com
진정웅,04452,전라남도 수원시 팔달구 압구정로 941,진우김서연립 285호,033-876-2204,hyeonju27@example.net
고정호,61263,경기도 용인시 처인구 영동대가 103 (서윤김최면),영호김아파트,063-863-6180,hwangjunseo@example.net
오은서,92667,세종특별자치시 송파구 개포거리 989,주원이빌라 E동 628호,02-5416-3312,seohyeonu@example.net
김서연,12799,전라남도 청주시 상당구 가락로 410 (경자박최읍),지우서송타워,054-098-4361,rgim@example.org
서재현,59993,전라남도 춘천시 압구정거리 지하381 (정호이이동),지아손장아파트 822호,070-7721-9489,jaeho66@example.net
이혜진,64695,전라북도 안양시 영동대552길 791,유진홍고연립 A동 503호,02-9574-8808,junseo00@example.net
남준호,99276,제주특별자치도 당진시 테헤란8로 771 (준영이마을),은지최빌라 067호,032-168-1910,jeongsug42@example.com
배예진,53604,전라남도 원주시 테헤란거리 850-39 (영수이송읍),영숙윤마을 487호,054-738-7971,joyeongmi@example.com
김재현,87403,서울특별시 노원구 언주2거리 287-97 (수진박마을),준영박김마을,043-567-9099,sumin10@example.net
민상훈,53407,인천광역시 동대문구 테헤란4길 813-39,지현김이마을,063-828-3434,immijeong@example.org
박명숙,73119,전라남도 정선군 삼성725로 지하326 (지후고김동),정수강우타워,062-938-6118,jiminan@example.org
이시우,25804,경기도 평창군 학동68가 584-27 (수진이이동),지원강홍타워 J동 033호,055-683-2706,seunghyeon80@example.com
이준혁,71683,울산광역시 송파구 서초중앙605길 112-48 (윤서남마을),상현한타워 C동 030호,070-4989-5746,jeongung99@example.org
이정호,42313,부산광역시 서대문구 반포대1가 562 (선영문리),영희이타워,044-162-0120,zi@example.net
이영자,79034,경상북도 천안시 동남구 봉은사길 414 (민서김면),옥자오김빌라 044호,019-585-8469,yeongsug18@example.net
남정식,44597,울산광역시 중구 잠실가 716-34,지민나김타워 F동 314호,052-402-8326,tgim@example.com
김중수,29683,전라남도 보은군 오금거리 124,서현권송타운 R동 948호,017-553-0062,dyang@example.net
이정훈,62476,대전광역시 서대문구 논현63길 535-38,서현권노마을 E동 737호,054-437-8638,ei@example.org
안영길,35849,전라남도 횡성군 서초중앙8가 822-60,도윤장연립 59동 140호,061-616-5664,jaehogim@example.com
지현주,70474,전라북도 증평군 석촌호수019로 695,지우이빌라 Q동 743호,018-229-4937,siuo@example.org
이광수,61442,울산광역시 강동구 테헤란308가 351 (춘자배읍),경수김이아파트 F동 777호,041-903-1112,hgim@example.com
김예은,17713,경상북도 안성시 오금182로 684 (영수임김면),민준황양연립 X동 459호,044-784-4574,gimyeongil@example.org
김은서,98444,세종특별자치시 영등포구 역삼길 942-46,은영서이타워,02-6746-3114,sanghun05@example.org
박시우,68426,전라남도 옥천군 반포대494로 760 (미숙김마을),지우민마을,031-372-0277,gangseoyeong@example.net
이순자,91291,광주광역시 동대문구 논현307거리 60-86,지연이빌라,017-448-9239,jeonghun32@example.net
김옥자,31033,제주특별자치도 동해시 선릉365길 지하596 (영환김김리),성민윤황빌라 359호,031-205-6823,seonghun23@example.org
김정남,78942,제주특별자치도 부천시 소사구 반포대가 지하437 (수빈한김읍),서연오김빌라 732호,054-054-0447,gimeunjeong@example.com
임현지,20061,부산광역시 금천구 도산대16길 825-39 (은정최마을),동현김아파트,041-261-3290,fgim@example.com
박영순,60106,인천광역시 양천구 가락2로 833-28 (순옥이리),순옥박김아파트 G동 475호,011-056-3292,ryujunseo@example.com
이상훈,92867,제주특별자치도 동해시 삼성거리 167 (은영김마을),종수이김아파트 150호,010-4860-2390,bagjeongsu@example.org
박옥순,35595,대전광역시 강서구 논현거리 133,준서최김마을 151호,055-286-8507,sujingim@example.net
윤영숙,22049,대전광역시 중구 테헤란거리 558-20 (미정전리),옥순이타워 002호,033-481-3329,ajo@example.org
이준영,96747,인천광역시 중구 논현209거리 847-6,정호최김타워 V동 102호,018-014-9759,gimseojun@example.net
김성현,58956,강원도 속초시 언주가 496-5,은영박전연립 633호,02-9015-1044,jungsu63@example.net
고영환,20456,부산광역시 관악구 도산대거리 761-43,현정이타워 137호,041-262-3371,minsu32@example.org
이성현,17679,서울특별시 관악구 석촌호수5길 914 (은주김손마을),영식이민아파트,055-616-3157,ebag@example.com
송정자,99047,제주특별자치도 남양주시 선릉길 73-83 (지영최이리),상현김황아파트 라동 470호,018-429-6851,ijinu@example.org
허상호,71137,세종특별자치시 종로구 가락61길 972,아름성오타워 906호,064-729-6110,yeonghojang@example.com
문미정,06045,서울특별시 용산구 오금거리 702-69 (영순김김읍),중수오마을 M동 522호,062-278-1133,wi@example.net
권현주,51042,서울특별시 동대문구 반포대73가 645-54,영환김아파트,02-4535-8683,seunghyeonbag@example.com
서정순,11376,서울특별시 동작구 양재천224거리 430 (정남김최면),준영이연립 300호,042-396-6030,eomyeonghyi@example.com
구정수,06467,대구광역시 동구 선릉길 681-98,은서지이타운 957호,044-433-6078,pyun@example.com
조상호,03735,서울특별시 북구 서초대73길 570,건우엄김아파트 887호,041-888-4489,gimyeongja@example.net
황영길,25065,충청남도 계룡시 양재천397로 662-75 (미숙박동),영숙김송마을 Y동 398호,017-517-1959,yeonghyi07@example.com
박춘자,64689,대전광역시 관악구 역삼거리 366-53 (보람박면),재호박윤아파트,054-126-6860,coeyeonghwan@example.org
김병철,55648,경기도 안양시 만안구 학동875길 118-48 (성훈이읍),영순김연립,031-967-5756,hyeonjunryu@example.com
이은경,06593,세종특별자치시 남구 압구정가 241-70 (영희김리),현주이타워 469호,010-1870-2574,areumgim@example.com
박동현,99118,세종특별자치시 양천구 테헤란70로 121-46 (현지배김면),영호김남마을 다동 615호,055-617-8223,jihyeonnam@example.org
김은영,55631,대전광역시 도봉구 도산대로 471-14 (준영강면),준서홍연립 다동 482호,063-341-0130,juweon06@example.org
최현준,97795,경상남도 남양주시 강남대51길 826,경희박서빌라,052-186-6205,yujin73@example.org
노순옥,95126,경기도 연천군 오금길 304 (성수송동),지아문연립 P동 736호,033-309-5395,ggim@example.net
류명숙,89472,서울특별시 성북구 논현53길 435 (현숙심읍),성호손이타워 396호,055-619-7451,eyun@example.net
황성현,63504,세종특별자치시 마포구 개포거리 지하566 (예은서동),영식김김마을 P동 388호,019-904-4945,xi@example.com
최선영,03748,제주특별자치도 광명시 삼성68로 314,성훈박아파트 Z동 651호,064-772-1308,ygang@example.net
이정호,42685,서울특별시 강서구 논현가 791 (선영박박읍),순옥이이마을 731호,053-065-0643,minseog14@example.net
김승민,62220,인천광역시 영등포구 가락677가 지하486 (정자박동),중수이오빌라 276호,054-442-8571,baggeonu@example.net
김예은,52880,경기도 안산시 역삼397가 85-38 (진우이최읍),지연이타워 나동 506호,033-154-6236,jeongsungim@example.net
김상호,63036,울산광역시 동작구 역삼88로 830-71,현주이타워,032-299-5083,si@example.org
김성현,62654,서울특별시 성북구 강남대가 801 (수진김면),서준김마을,055-378-8677,donghyeoni@example.com
박선영,50809,인천광역시 노원구 오금952가 252 (지우진마을),지아성아파트 343호,070-8081-5863,eunjeong37@example.org
김영길,00180,광주광역시 서초구 서초중앙길 370,재현이이아파트 032호,016-201-3119,yeonghwan16@example.org
서영철,08506,경상북도 용인시 기흥구 석촌호수33길 64 (지원이마을),예은윤최마을,062-589-8016,sunog54@example.net
박중수,13930,서울특별시 북구 도산대59거리 지하12,지영류마을,043-479-9322,gimjihyeon@example.net
이아름,00385,대구광역시 동구 서초대길 295-31 (준혁박김읍),은경권연립 바동 122호,019-194-3468,boram80@example.net
이성훈,88168,인천광역시 광진구 봉은사7로 908 (경자이읍),준혁권아파트,064-760-8124,jiminbag@example.net
이예원,19278,부산광역시 동대문구 압구정가 860-4 (하은배면),서현김마을,017-629-2133,jeongsubag@example.net
이미영,98706,경상북도 용인시 수지구 테헤란로 879,정수이최빌라 K동 592호,011-715-2091,ebag@example.com
조성훈,88146,광주광역시 중랑구 개포거리 지하789 (영길김김리),지혜김김마을 마동 398호,044-404-2727,gangyeongsig@example.com
나승민,97193,대전광역시 중랑구 논현로 280,영길박연립,064-790-7737,namjiyeon@example.net
김준혁,30668,대전광역시 광진구 언주83거리 713 (윤서김리),경자송타운 787호,063-635-9080,yhan@example.com
김성호,47147,경기도 성남시 중원구 논현길 255 (병철손임읍),정식이김타운 000호,018-368-4971,cim@example.com
최영길,68272,울산광역시 송파구 삼성길 지하162,상철박빌라,019-877-2410,yeonghyi46@example.org
조건우,26407,충청북도 청양군 백제고분26길 159-87,민준이빌라 842호,041-412-3290,yunyeeun@example.net
이선영,81919,대전광역시 서초구 백제고분가 362,예은박김타운 810호,010-3566-0412,jangjihun@example.net
김지현,60065,세종특별자치시 강동구 봉은사867거리 68-78,재호신김빌라,044-487-3998,imiyeong@example.net
고정희,60389,전라남도 고양시 일산서구 양재천442가 651-44 (성호박리),서영김타워,031-178-5104,sugja22@example.com
장영자,00380,인천광역시 용산구 압구정가 지하874,우진이박아파트,010-0406-8910,gangjiweon@example.com
지상호,16372,세종특별자치시 서초구 양재천672로 467,정숙남연립,063-148-0453,yejin78@example.net
남영길,51095,울산광역시 광진구 가락7길 808 (도현김최리),성진노마을 L동 414호,042-594-7466,ki@example.com
배도윤,28851,세종특별자치시 중구 선릉7거리 517-87,경희박타워,064-737-3602,coeseonghyeon@example.net
손예준,58853,경상북도 충주시 영동대거리 564 (정식김마을),영식강빌라 285호,032-879-0325,seongjin74@example.com
김민서,26436,전라남도 아산시 백제고분3로 30,민지김강타워,054-462-0552,caeweon73@example.com
배옥자,75319,대구광역시 성북구 오금길 697-82,정숙이민아파트,054-073-3172,qi@example.com
이성훈,22490,충청북도 청주시 흥덕구 백제고분751길 지하959 (민석김리),서영김아파트 361호,053-640-3729,cgang@example.org
김영미,48431,전라남도 부천시 소사구 선릉23로 423,영진김이타운 069호,064-788-9845,vgang@example.net
이경숙,10345,부산광역시 금천구 언주가 891-90,민재장강타워 838호,011-787-4997,jieungim@example.net
오영자,25503,인천광역시 서구 강남대거리 761,경희김김타운,016-005-1556,hyeonjigweon@example.com
김병철,91288,충청남도 옥천군 논현15길 828 (민준한엄면),숙자이빌라,019-282-1916,seonyeongi@example.org
문숙자,55999,대구광역시 동작구 언주로 852 (지원강읍),도윤송아파트 V동 817호,063-106-5515,gyeongsuggim@example.org
김서현,22378,경기도 고성군 개포거리 639,영미김이빌라 H동 040호,044-883-1045,cgim@example.org
한준호,73441,대전광역시 구로구 영동대가 610,정수노빌라 449호,042-574-6007,jeongjongsu@example.net
김진우,04892,강원도 공주시 영동대828가 10 (은서류문리),채원구강아파트,054-538-5170,coesugja@example.org
심현숙,80887,전라남도 부여군 강남대가 지하282 (우진송김면),영미김타워 209호,063-213-1775,minjae78@example.com
이유진,16098,강원도 단양군 석촌호수055거리 지하943,상철이안타운,032-487-5121,jeonghungim@example.com
이유진,52130,경상북도 천안시 서북구 서초대거리 337 (서영이마을),영철박김빌라,010-7148-4122,sunog32@example.org
백영일,63663,세종특별자치시 성북구 봉은사길 801-40,예지강타워 405호,061-123-3991,myeongsug65@example.net
엄정희,13647,전라남도 서천군 영동대길 280-2 (영미김면),현준김김타워,062-470-2497,gyeongjai@example.com
김성수,42554,서울특별시 종로구 석촌호수거리 409-23,준혁김빌라,055-217-1673,yeongsunbag@example.com
송영식,32232,인천광역시 양천구 논현로 277-92,성민송이아파트 J동 871호,043-772-8413,coeeunseo@example.net
이동현,14387,전라남도 용인시 수지구 양재천3가 782-94 (정남양송면),동현최타운,044-824-3239,jiui@example.com
이은서,43591,충청북도 제천시 언주거리 997-22 (민준황황동),영호송오타워,054-925-7075,minsu03@example.net
박명숙,91105,서울특별시 송파구 서초대가 699,종수류연립 Y동 459호,02-7625-0554,uno@example.net
최서현,34323,강원도 부천시 테헤란길 837 (은경권김동),미정김빌라 092호,041-858-6442,fgang@example.net
이현주,64950,강원도 태백시 압구정520거리 967,민재윤김타운,011-857-4145,seongjin86@example.com
황민지,35950,부산광역시 송파구 서초중앙762길 149,지아이연립 I동 158호,053-000-7678,yeweon22@example.org
문시우,34391,경상남도 용인시 서초대68가 369 (현숙김동),경수박이타운 728호,063-698-2990,igim@example.org
김성수,24344,전라남도 청주시 서원구 가락거리 750-15,지연김남타운 마동 304호,051-663-2555,yunseoi@example.org
이윤서,21349,충청남도 여주시 학동로 985 (상호김나면),예은지빌라 296호,053-221-2491,caminsu@example.net
신재현,84766,충청남도 아산시 선릉길 850 (영호안구동),보람조박타워 Y동 739호,042-930-5139,lgim@example.com
권진호,11707,대전광역시 서구 삼성가 지하490 (순자배읍),상현문타워,044-502-7164,seojunhwang@example.org
김예진,37845,서울특별시 마포구 백제고분2로 274 (건우우리),예준백마을,011-305-2462,hanyeonggil@example.com
김춘자,70194,경상북도 광명시 도산대401길 958-50 (성진고동),현주박타워,064-715-5077,miyeongcoe@example.org
이성훈,77422,대구광역시 동작구 석촌호수가 132-84,정식박마을,017-550-7732,doyun44@example.net
김진호,50182,광주광역시 서대문구 강남대29길 지하86 (수빈이강마을),성진오송마을,061-189-5991,eunju17@example.net
문서현,27144,전라남도 구리시 봉은사길 923-51 (진호윤백마을),미영김허빌라 다동 207호,018-954-6670,sgim@example.net
이준혁,70745,제주특별자치도 정선군 언주길 410,은서김박타운 247호,011-328-4663,ugu@example.com
정영숙,40442,강원도 청주시 상당구 영동대92거리 651-23 (현준김김읍),영일김아파트 268호,063-613-7520,areumi@example.org
윤혜진,73303,전라북도 부천시 강남대거리 554 (민준이읍),지원이타운 593호,016-109-7949,byeongceol85@example.com
김민재,06773,서울특별시 동대문구 도산대길 619,서준강김타워,055-633-4319,hancaeweon@example.org
홍은지,57871,광주광역시 동대문구 선릉6거리 722,광수최이아파트 146호,051-127-3867,yejuncoe@example.org
나영순,24803,서울특별시 은평구 가락089길 584 (경숙박한읍),재현류김연립,011-577-6706,boramgim@example.org
이영환,87626,서울특별시 동대문구 오금로 427-51,서준김연립 Z동 884호,018-570-2785,wbag@example.com
전상현,77127,충청북도 오산시 잠실9길 111 (도현고동),춘자김이마을,053-339-3727,sunjabag@example.org
김도현,20456,세종특별자치시 은평구 서초대9길 지하314,은주장빌라 463호,019-835-3661,jeongunghan@example.org
김정희,81765,제주특별자치도 서산시 가락가 363 (은경이마을),영길강연립 842호,053-566-0514,seonghyeon35@example.net
임은지,96498,광주광역시 서대문구 테헤란961가 962-69 (윤서이권면),정호황조연립 H동 219호,017-088-0440,boram75@example.org
송영숙,29451,제주특별자치도 공주시 개포5가 497-81 (지현주동),은영박장아파트 R동 754호,064-747-5825,sanghobag@example.net
장민석,94507,전라남도 정선군 강남대길 656-25 (시우노면),민수김아파트 480호,019-725-6382,bagjihun@example.net
홍예원,68613,충청남도 청주시 서원구 역삼55로 624 (경자주읍),민수박타운 E동 541호,041-150-3622,siui@example.net
나현정,03210,경상북도 평창군 개포로 284,성민김타워,02-4357-5790,fi@example.com
송명숙,52800,제주특별자치도 광명시 도산대로 916-76,춘자이김타워 V동 740호,041-926-3079,jeondonghyeon@example.net
황경자,97651,세종특별자치시 종로구 학동가 828-83 (예준최김마을),지훈김권타운 944호,041-283-7103,bbag@example.com
박미정,64975,전라남도 가평군 잠실41거리 911 (혜진윤읍),영미고김아파트 420호,054-545-0991,xi@example.net
엄춘자,30508,충청북도 양주시 반포대545길 지하807,은지서김빌라 323호,044-572-2794,yi@example.org
민현준,51420,광주광역시 남구 봉은사36가 26-57 (상현최곽리),영숙손연립,063-261-0096,gimseunghyeon@example.net
김지민,85470,광주광역시 동구 서초대580로 812 (민지이김리),보람김김타워 198호,032-504-3782,geonuan@example.com
장진호,25621,울산광역시 노원구 압구정거리 802 (옥자김김읍),하윤김김빌라 798호,010-8175-7180,agim@example.net
박준영,98504,제주특별자치도 청주시 서원구 서초중앙2거리 931-45,민준박박타워,033-828-6317,jeongsun37@example.net
권정식,49728,세종특별자치시 동대문구 영동대거리 112-1,성수배하아파트 가동 651호,054-290-4623,ehwang@example.net
김준영,26413,부산광역시 종로구 도산대길 73 (지민김읍),윤서이타운,016-736-8049,hayun90@example.net
김민석,20787,충청남도 음성군 테헤란57길 116 (도현황이동),보람김신아파트 라동 112호,055-047-1589,iyeongil@example.org
최종수,50892,울산광역시 관악구 석촌호수로 41-33,상훈홍타워 다동 026호,052-665-0182,jongsu07@example.org
황영길,34739,경상남도 양평군 강남대767로 348-1 (영일이마을),민지조타운,063-543-0118,sunog14@example.com
김명자,58102,대구광역시 남구 역삼954로 930,영철이타운 379호,043-504-1767,jieuncoe@example.net
김건우,96414,충청남도 청주시 상당구 양재천로 지하903,은영최아파트 926호,033-459-5422,yeonghwanbag@example.com
한예원,19085,강원도 수원시 영통구 영동대922거리 466-25 (은경임김면),지민류김아파트 L동 668호,063-981-8958,jia74@example.org
김미정,47893,제주특별자치도 용인시 기흥구 서초대705길 737-67 (정식서손동),정수문김타워 180호,053-123-0652,egim@example.net
김준영,61652,광주광역시 용산구 석촌호수7가 306,준영김타운 Z동 865호,055-134-7094,sunja07@example.org
김윤서,98392,세종특별자치시 서초구 강남대길 7-45,도윤박김마을 320호,041-940-2910,ihyeonjun@example.net
이정자,38797,전라남도 부천시 소사구 양재천8로 262-41,지아강타워 192호,017-291-8388,jinu40@example.net
황영환,13100,경상남도 홍성군 영동대7가 261-26,정웅이아파트 533동 001호,016-584-5621,bjang@example.net
강재호,11422,제주특별자치도 용인시 기흥구 양재천23가 730 (정식고황동),미영김김마을 D동 713호,061-973-2973,gimdoyun@example.net
박시우,61211,경상북도 의왕시 오금길 673-58 (영환오하마을),옥자서빌라 B동 948호,02-0973-7899,caeweon32@example.net
김현우,93588,전라북도 안산시 단원구 도산대40가 252,지민김타워 가동 039호,044-804-9664,mi@example.com
백은지,08671,경상남도 과천시 개포63로 지하985 (영순이리),보람박마을 525호,010-2908-5459,ogsuneom@example.com
류영길,96167,강원도 화성시 백제고분97길 585 (서현이서마을),승현장타운 846호,019-209-0483,gimyeongja@example.com
우지연,53039,제주특별자치도 안양시 만안구 선릉로 168,중수김김연립 965호,062-590-1086,sanghungim@example.org
장정식,62608,경기도 속초시 가락051로 162,서준장김타운,016-211-6764,ymin@example.com
박미영,67168,경기도 화천군 삼성길 443-51 (미정민읍),정순윤김타운 20동 389호,031-850-1174,coeyeongja@example.org
한지은,12995,경상남도 안양시 만안구 양재천080거리 328 (미정이김리),우진강타운 052호,053-343-3501,iyeongceol@example.net
박서영,22196,울산광역시 서구 서초대288거리 526 (민수양오읍),진우백연립 909호,011-162-7161,gimhyeonjun@example.net
이순자,84878,대구광역시 금천구 논현3로 793,은주심허타워 G동 291호,032-629-8187,seoyeongi@example.com
박민서,31106,부산광역시 서대문구 백제고분거리 822-94,정숙김마을 953호,053-465-6997,caeweon78@example.net
조윤서,17073,충청북도 광주시 양재천5길 544 (미숙장리),동현이타운,051-877-7489,fseong@example.org
박예지,56239,충청남도 파주시 반포대가 991-9 (영일한동),준호김연립,017-157-2384,mgim@example.com
이시우,60349,울산광역시 강동구 가락544로 172 (성민이마을),종수이빌라 425호,02-3266-7216,bi@example.com
김지원,74743,부산광역시 남구 반포대길 지하40 (지후곽면),승민권이타운,011-709-4355,seongminjeon@example.org
홍정식,66895,강원도 안양시 만안구 석촌호수로 487 (현주안오면),서준곽아파트,062-643-9547,dohyeon81@example.com
김지은,71616,대구광역시 노원구 언주로 344 (진우이노마을),옥자최타운 688호,017-446-7161,nryu@example.net
김성호,31579,충청남도 청주시 청원구 학동길 113 (민서안노리),옥자이김연립 592호,051-704-7542,nseo@example.net
윤시우,68859,부산광역시 강서구 양재천859로 399 (미영김김읍),성현유박타워 092호,016-122-2003,gimmyeongsug@example.org
안병철,03622,제주특별자치도 고양시 일산동구 봉은사924가 838 (민석김리),진우이빌라,044-274-2846,yeongil81@example.com
서주원,78403,경기도 수원시 영통구 강남대721가 지하705 (미정홍리),준혁노타운,031-289-1804,yeonghogim@example.net
박영일,96852,대구광역시 도봉구 학동69로 507-87,예은박타운,064-705-6465,sbag@example.org
이서준,33041,경상남도 파주시 선릉길 410-7,지혜안타워 657호,062-485-4114,yeongil96@example.com
장지후,05777,충청북도 속초시 잠실거리 지하341,지혜이마을,044-013-2482,mi@example.net
최정호,54356,광주광역시 도봉구 양재천64길 801,재현고김연립,017-724-0653,junyeongbag@example.org
한지원,52366,충청북도 용인시 수지구 논현길 지하213,미영김아파트 264호,041-043-5882,gyeongsu74@example.org
손동현,57468,대구광역시 구로구 오금63길 290,영일윤빌라,018-460-4977,bji@example.net
김정희,60418,부산광역시 서대문구 삼성77로 114-32,지은박마을 M동 502호,031-157-0949,coegyeonghyi@example.net
양은경,59459,경기도 하남시 가락가 230 (영식구문면),옥순안타운 479호,019-663-0225,iminsu@example.net
김현지,75436,세종특별자치시 성동구 선릉가 994 (병철오김읍),경숙김타운 W동 948호,010-0495-7056,hwanghyeonsug@example.org
이서영,22697,대구광역시 서구 테헤란로 45-34 (아름한마을),정자박타운 914호,052-356-0902,hyeonjibag@example.com
서미숙,01346,대구광역시 은평구 오금길 600 (진우송황마을),영숙이이타워 514호,062-539-7388,hongjunhyeog@example.org
황민수,08432,강원도 단양군 서초대거리 376-42,채원서연립,017-744-7319,seonghyeoni@example.org
김성수,31459,인천광역시 중랑구 압구정가 892-65 (영수김허읍),지원권연립 가동 001호,043-314-1081,jgim@example.org
이도윤,10066,대전광역시 용산구 잠실9거리 987-19,지은김연립,070-7424-4700,coedonghyeon@example.net
오선영,99118,세종특별자치시 송파구 선릉23가 지하427 (상호김면),유진김마을,018-409-3857,gimseungmin@example.net
김예지,20379,전라남도 용인시 처인구 도산대806가 지하76 (진호정하면),은경엄황타워,018-387-5936,gimjihu@example.net
박정수,24450,부산광역시 구로구 언주길 980-16,진호양아파트,043-887-3441,ijungsu@example.com
민윤서,43177,대구광역시 관악구 잠실거리 69,정훈박연립 N동 370호,032-858-4262,jangyeonghyi@example.org
문수민,24365,울산광역시 서구 선릉거리 399-18,우진이연립 J동 745호,041-991-1287,misug82@example.net
박미숙,29669,제주특별자치도 고양시 덕양구 오금로 913 (현준황황마을),수민민아파트,016-583-5633,ucoe@example.com
최성훈,44044,인천광역시 서초구 개포23거리 395,서연양김타워,044-998-4726,ebag@example.com
이민석,32536,대전광역시 남구 삼성0가 78-55 (명숙김장면),진호엄김빌라,061-683-8439,mo@example.net
황순옥,98836,서울특별시 마포구 백제고분3거리 226-83,지민안타운 마동 306호,041-563-8506,cgim@example.net
지현정,16416,충청북도 시흥시 봉은사로 88-37,수민이빌라 602호,062-937-3042,ijunseo@example.com
김지영,58173,경상남도 증평군 역삼867로 625,지민심한타운 다동 361호,064-785-0104,gyeongjaeom@example.org
이미숙,25776,광주광역시 중랑구 백제고분0로 523-55 (병철김읍),영환한타운 374호,019-976-3643,bagjunho@example.org
최미경,34936,광주광역시 영등포구 서초중앙로 678-5 (하은박한동),영수이아파트,042-041-7309,yeeuni@example.net
이경수,97044,충청북도 원주시 양재천길 655 (수빈박읍),서현박연립 291호,043-898-9716,mcoe@example.com
황영환,99602,부산광역시 은평구 학동로 214,도현윤박빌라 000호,062-952-9555,yeonghwan82@example.net
심민서,48018,충청남도 양주시 오금2거리 607-90,미경이이마을 B동 968호,011-927-5246,jihuncoe@example.com
이현우,76343,경상북도 수원시 영통구 논현로 200,건우배아파트 V동 196호,018-350-9256,jinu73@example.com
김지영,87394,울산광역시 도봉구 학동거리 지하226,성수한마을,061-119-8567,jiyeonggu@example.org
박민수,74093,전라남도 고양시 도산대로 477-10 (성훈이정리),혜진김우빌라,043-013-9874,mgim@example.org
장영희,75424,전라북도 서천군 테헤란로 494,영진이마을,043-449-3126,coejunho@example.com
양지민,04122,대구광역시 강동구 개포거리 365 (영미김동),예진이박마을 058호,052-736-5295,seongsucoe@example.net
이지연,44977,광주광역시 광진구 반포대3가 155 (예지이김마을),순자황빌라,032-856-1320,vgo@example.com
김지영,80281,경상남도 공주시 오금길 298,민서박정연립 940호,041-106-0390,ieunji@example.com
이주원,26706,광주광역시 관악구 압구정로 453,지아김오연립,052-414-6358,yujinhan@example.org
김지아,28671,대구광역시 금천구 반포대75거리 134-2,동현김마을,02-3817-4674,seoyeonno@example.net
최정훈,36390,광주광역시 마포구 반포대길 140,준호황이연립 034호,063-647-9793,seojun58@example.net
구예은,69061,충청북도 홍성군 양재천7로 807 (건우남김동),서영박김마을 F동 821호,019-881-8629,seohyeonji@example.net
권민준,64237,인천광역시 구로구 석촌호수거리 지하960 (정수박김면),지후김빌라 605호,064-777-9247,hwanghayun@example.org
김옥순,63323,경상북도 청주시 상당구 백제고분로 829-29 (예은이김면),지후이마을 B동 568호,042-977-3063,jongsu28@example.net
손도현,02905,광주광역시 강동구 잠실로 941 (성진주리),예원김마을,041-253-9793,wyun@example.org
이성훈,05634,충청남도 하남시 서초중앙518가 85 (민재장리),현지박최마을 199호,017-272-3818,shan@example.org
김아름,99252,대구광역시 중구 도산대753거리 39-23,성훈한타워,063-727-3556,iminsu@example.com
황유진,42349,충청남도 옥천군 가락길 814-5,순옥이안타운 바동 050호,019-378-4984,hgim@example.org
황정남,42435,대구광역시 동구 도산대로 542,정호오고빌라 432호,055-771-5196,bhong@example.com
이성훈,09775,대전광역시 서구 언주길 170 (현지김면),하윤양양타운 795호,054-201-2714,gimseongjin@example.net
이건우,40397,인천광역시 동구 봉은사93길 339,상훈이타워,064-750-1551,heosanghyeon@example.com
황도윤,07810,경상남도 용인시 압구정길 134 (은지김면),종수박이아파트 712호,033-996-5686,eunju83@example.net
이영길,03872,제주특별자치도 용인시 서초중앙365로 555,은영유연립 M동 274호,053-816-8420,junyeong03@example.com
박병철,68832,대구광역시 도봉구 논현2거리 558-6,민재송최타워 558호,017-934-8741,hyeonjungim@example.com
박정수,20048,전라남도 평창군 오금399로 727 (혜진김최리),건우남아파트 X동 988호,02-9330-7512,miyeongcoe@example.com
송보람,22190,경기도 동두천시 양재천길 353 (정수김면),정남최타운 A동 653호,019-433-8625,jinho67@example.net
이재현,48073,경상남도 연천군 테헤란94가 11 (준혁이리),승민윤타운 370호,031-976-2063,yeongja79@example.org
김영환,95143,울산광역시 동대문구 반포대로 906-26,순옥김송연립 087호,044-922-5677,myeongja07@example.com
한민수,09682,세종특별자치시 성동구 잠실042로 369 (병철이동),윤서윤김타워 642호,054-085-8643,ri@example.org
황성현,93918,경기도 군포시 백제고분길 232 (중수박김마을),선영김이빌라,055-965-6724,jojeongsug@example.com
장은지,18883,제주특별자치도 화천군 서초중앙길 894 (영미박읍),지은조마을,062-026-6405,cunja88@example.org
이준혁,11676,부산광역시 남구 봉은사길 100,중수최아파트 바동 400호,031-090-9676,gyeongsueom@example.net
윤주원,26504,전라북도 청양군 백제고분거리 276-65,경숙김타운 490호,070-5712-8637,eunseo11@example.org
김준영,13240,대구광역시 강동구 학동453가 572,상철정연립,054-314-9730,sangceol84@example.net
김재호,93127,광주광역시 도봉구 영동대가 634,현정장손타운 337호,055-232-5650,gbae@example.net
이준서,64893,경상북도 천안시 동남구 잠실72로 706-97,예은문빌라,063-102-5069,gimminjun@example.net
김준영,28674,충청북도 용인시 처인구 영동대6거리 430-53 (하은김읍),상훈김아파트 A동 967호,062-686-2355,mijeong84@example.net
권영미,99232,부산광역시 마포구 언주로 806,상호강이연립 B동 175호,010-8711-3072,ogim@example.net
이성훈,40941,서울특별시 도봉구 테헤란로 115,은지류오아파트 977호,052-392-5448,jangjongsu@example.org
김수민,50599,울산광역시 서구 삼성거리 413 (승현문김동),상현이우마을,011-203-3962,ai@example.org
김수빈,22398,전라북도 양평군 영동대가 962-92 (경숙김홍동),건우박마을 673호,033-414-5428,junho33@example.net
이서영,92100,인천광역시 서대문구 삼성길 556-28 (지민이이리),민준성노마을,054-142-8008,jseo@example.net
김수민,06259,세종특별자치시 서초구 언주로 509 (민석권마을),영식김김아파트 G동 845호,018-023-3743,gominsu@example.org
배상훈,88844,부산광역시 은평구 압구정길 지하821 (현준양동),성현이김빌라 420호,032-316-5323,migyeongi@example.net
이승현,75100,서울특별시 강동구 영동대572가 지하7,영숙이타운 708호,019-054-2982,ki@example.net
김예진,76698,경상남도 수원시 영통구 역삼967가 756,상현신타워 D동 079호,061-766-6210,bagyujin@example.org
배미숙,72278,전라남도 공주시 봉은사23길 지하634,현지나마을 701호,031-237-5624,gyeonghyibae@example.com
성현주,39695,경상남도 태백시 백제고분014거리 지하192,민준윤박타운 408호,011-775-9507,yeongsuno@example.com
서하윤,20027,제주특별자치도 용인시 수지구 테헤란길 805,하윤이이아파트 마동 533호,064-707-2140,jeonghyiyu@example.com
김종수,17850,울산광역시 강북구 논현가 695-14 (건우최윤읍),수빈한김아파트 257호,031-771-4294,ryuseonghun@example.org
한중수,99030,광주광역시 서초구 양재천로 666-48,은정문진타운 366호,052-495-5466,ijeongung@example.org
김순옥,58318,세종특별자치시 마포구 테헤란886길 548,명자백고마을 021호,018-552-9569,yeongsug79@example.net
한예준,76860,대구광역시 강북구 도산대97길 689-29,순옥오손타운 C동 771호,033-690-6748,eungyeonghong@example.com
윤예은,22155,대구광역시 성동구 언주가 537,정웅권김타운,052-749-3708,xryu@example.org
김지훈,28357,전라남도 성남시 양재천거리 623-55 (영환김면),현정이아파트 849호,064-731-5018,sonjiweon@example.net
이정남,30299,충청북도 오산시 역삼거리 529 (성진양동),은정김타운 094호,016-773-9771,ni@example.net
엄성호,60285,충청북도 삼척시 서초대72가 241-36 (보람유한면),혜진최이빌라 783호,033-403-0376,hbag@example.net
황민수,54411,충청북도 화천군 도산대2로 71,지민최빌라,02-3375-7287,gangyeongsug@example.net
황서영,35157,부산광역시 광진구 언주가 52,예준최타운 C동 488호,042-566-8649,jhan@example.net
김명숙,27809,충청북도 삼척시 가락81길 508-30,영미김권연립 997호,054-510-4377,jiweongweon@example.org
김채원,25846,광주광역시 북구 영동대거리 189,현정박연립,055-978-9555,sujin92@example.org
김정남,71231,강원도 평택시 역삼0거리 813 (순자유박동),지현홍마을 N동 438호,061-548-6122,myeongja26@example.net
김준서,98196,대구광역시 강남구 논현72길 지하135,숙자오마을 나동 296호,053-101-3581,useo@example.net
김민준,63684,제주특별자치도 고양시 일산서구 강남대9거리 469 (예은진김면),지혜박이아파트 Y동 407호,061-967-1587,xjeong@example.com
이지우,84441,충청남도 천안시 동남구 서초중앙거리 191,민지최이마을 263호,043-641-8036,isanghun@example.net
정주원,41462,세종특별자치시 동대문구 봉은사로 829-36 (현주최동),도현우타워,010-7776-1124,li@example.net
이영숙,99546,제주특별자치도 의정부시 압구정417거리 823-48 (지훈최이리),정훈이안마을 K동 352호,052-073-8604,gimseonyeong@example.org
김옥자,83385,광주광역시 금천구 역삼길 지하615 (은경최박리),미정권연립 913호,064-756-3936,obaeg@example.org
최은경,81128,경상남도 음성군 역삼로 185-20,성현장타워,032-757-1297,yeonggil05@example.com
이성현,87887,전라남도 홍성군 언주6길 679 (은경손면),순자김오마을 Q동 637호,018-523-8065,yeonghojang@example.com
박경숙,28957,부산광역시 북구 서초중앙로 400 (경숙김이동),유진이강타워,016-755-6123,jimin87@example.com
이도윤,35688,부산광역시 마포구 백제고분447가 812 (상철이하면),정순하타운 703호,011-716-3405,zan@example.net
김서현,62140,울산광역시 송파구 테헤란가 39-84,영길이아파트 B동 962호,064-795-2575,gangjeongsug@example.com
이영희,24192,제주특별자치도 군포시 양재천763거리 167,채원김이빌라 546호,016-397-4290,gyeongsu39@example.net
문상훈,23768,세종특별자치시 금천구 학동9거리 85-5,영희전이연립 다동 790호,016-620-6282,jeonyejin@example.net
김영진,40298,경상북도 태백시 석촌호수2가 662-19,정웅김배연립,019-574-5092,coecunja@example.org
노예원,97068,경상북도 안양시 학동86가 524-20 (윤서강김마을),예은김한타워 774호,018-550-7161,geonubaeg@example.com
류지연,55974,제주특별자치도 태안군 학동53거리 지하357,현주오마을 W동 087호,033-766-9933,minseoggim@example.net
남경수,98986,서울특별시 송파구 테헤란382길 858-73,옥자허김연립 989호,064-728-3993,seonghoi@example.com
조광수,57115,울산광역시 중구 학동822거리 지하759 (경수이민면),서현윤성마을 B동 812호,018-782-4760,iyejin@example.org
김지은,88196,경기도 가평군 테헤란로 지하887,영호최김빌라 357호,052-339-8344,egweon@example.org
박승민,00005,제주특별자치도 고양시 서초중앙15로 823-83,지혜민타운 751호,043-120-2474,minseo03@example.com
김미영,53231,대구광역시 북구 도산대로 933 (준서윤면),옥자문타운 311호,010-0078-8185,hyeonji12@example.net
권유진,46181,세종특별자치시 은평구 도산대거리 953 (지우윤리),성훈이타워 824호,070-7637-3901,ko@example.net
이병철,02718,대구광역시 송파구 영동대53거리 70 (영철문면),주원이박타워 F동 963호,053-425-6895,junseo34@example.org
김준영,13414,경상남도 서천군 역삼9가 702 (민재김마을),현숙최박타워 69동 586호,017-077-5452,gimyunseo@example.com
신정식,63545,대구광역시 성동구 삼성길 593,도현송서타운 540호,043-963-3073,jiyeonju@example.org
김은지,56783,대전광역시 중랑구 서초대길 22-56 (지우오면),민서이타워,02-8786-1483,minseogim@example.net
서지혜,66476,대구광역시 동작구 학동거리 575,승민이아파트,018-196-9609,ijiyeon@example.com
손현준,46891,세종특별자치시 노원구 논현30거리 813,예은김연립,010-8589-8741,iyeongho@example.net
전성수,38513,세종특별자치시 북구 언주거리 274-25,정순이김아파트 251호,054-574-7862,cjin@example.org
김현우,51747,제주특별자치도 수원시 팔달구 선릉가 868-22,성수문아파트,053-044-1777,yeongsug50@example.com
윤광수,35851,제주특별자치도 천안시 동남구 오금076길 지하935,지훈박최타워 Y동 546호,033-857-9119,yeweonbag@example.net
최정호,20659,세종특별자치시 송파구 압구정로 지하918,병철김빌라 941호,033-214-9931,yeonghwangim@example.net
박서윤,48106,경기도 성남시 선릉길 161-31,성호남빌라 Q동 661호,054-583-7406,hyeonjeong96@example.org
지성훈,10352,광주광역시 남구 삼성로 지하771 (영길김류읍),예은배김타워 163호,042-403-4247,scoe@example.net
이성진,14134,대구광역시 노원구 언주길 948,주원윤마을 675호,02-8069-9173,siu25@example.org
권영진,98961,광주광역시 양천구 잠실292길 187-9,영수김타운,016-963-5541,ihyejin@example.org
오도현,18174,충청북도 남양주시 도산대8가 966 (은지박김읍),광수장김아파트,017-231-0469,zcoe@example.com
이상철,81608,서울특별시 동구 도산대6로 979 (상철성리),정호김빌라 E동 293호,063-120-4168,gimjiu@example.com
이동현,65245,인천광역시 강동구 언주95거리 474-82 (서연김동),서준이김빌라,044-986-7681,ijeongsig@example.com
김은영,38522,대전광역시 노원구 석촌호수거리 10 (승민김면),순옥안박연립,055-473-9343,gimmijeong@example.com
최경희,74292,제주특별자치도 용인시 수지구 가락가 312-48 (상훈김마을),옥자김안연립 710호,016-357-9695,igyeongsu@example.com
이정남,58211,부산광역시 성북구 삼성로 705 (서현조리),민지이아파트 B동 810호,011-784-2000,gwangsu04@example.net
이영자,47835,충청북도 광명시 양재천9가 492,정수김타워 L동 432호,051-624-6574,vhwang@example.net
김현정,14468,제주특별자치도 공주시 압구정993로 322 (미숙고김마을),영순서김타워 P동 921호,055-307-2540,jeongsugi@example.com
김건우,84739,경기도 부천시 원미구 선릉8길 지하783,민수박타운 D동 394호,032-186-3099,jangeunji@example.net
박정숙,01727,대전광역시 강서구 역삼거리 196,영미송허마을 299호,054-389-8031,migyeongi@example.com
황정훈,09033,제주특별자치도 안산시 상록구 서초대길 251-15,승현서빌라,064-752-5303,gyeongja08@example.org
강은경,55332,대구광역시 서대문구 서초대293길 737,민서전한빌라 171호,02-5762-9929,munyejun@example.com
최승민,10865,전라남도 성남시 중원구 서초대길 583-61,지민이박빌라 084호,042-419-5979,aan@example.org
김성민,93332,경상북도 부천시 역삼8가 712 (영호김동),준혁이아파트 T동 750호,062-827-8415,kgim@example.net
김예진,31780,전라북도 성남시 수정구 도산대길 192 (아름김김동),상현김이연립 249호,016-823-8970,seonghyeon32@example.com
김상호,78486,제주특별자치도 동해시 석촌호수226거리 636-80 (현정박김동),준서김김아파트 927호,062-266-7571,jihye83@example.net
전준영,85532,세종특별자치시 금천구 백제고분가 987-76,현주이타운,010-9498-3423,gwangsu59@example.net
신순옥,12396,울산광역시 강남구 양재천277길 986-5 (재현박신리),성진박빌라 다동 294호,031-066-3639,baegjeongsug@example.com
김진우,04507,제주특별자치도 김포시 가락거리 지하106 (은지김윤리),재현최안빌라 970호,032-842-7702,yunseogim@example.org
이순옥,02381,서울특별시 중구 서초대거리 597-94,병철박강아파트,054-978-4885,fo@example.org
임지후,36248,제주특별자치도 홍천군 잠실거리 902-30 (서현김동),상훈박김타워 774호,011-947-9403,gyeongsuggim@example.net
나성호,55293,제주특별자치도 당진시 강남대48가 8-26 (영길최읍),경수박마을 C동 859호,064-709-3755,byeongceolmun@example.org
이준호,18387,광주광역시 강북구 개포56가 지하588 (준호이홍읍),수민김빌라 087호,032-314-4423,anmijeong@example.org
손성수,60077,경기도 동해시 선릉71가 85-70 (윤서강류읍),지훈송오타워 921호,053-467-1742,yeongsuseong@example.org
오춘자,61312,충청남도 구리시 학동8가 592-20 (정웅오김면),영호이아파트 T동 134호,032-942-5516,seonghojang@example.net
김영길,98645,인천광역시 서대문구 강남대거리 42,민준윤아파트 897호,042-868-7907,sunog83@example.org
김명숙,98858,충청북도 정선군 서초중앙로 188 (수민전동),지훈이김연립,033-192-1496,jimin42@example.net
박춘자,69570,대구광역시 마포구 선릉가 548 (경숙백이동),성민이백타워,011-155-5269,hgang@example.org
배은서,71614,인천광역시 동구 언주길 394-93,영미박빌라 230호,019-653-8634,sanghyeon96@example.org
이수빈,97135,경기도 하남시 서초중앙거리 713-99 (민재김마을),성민박연립 J동 938호,055-512-5249,minji63@example.org
양보람,54086,대구광역시 북구 압구정14가 949-94 (지민강나동),지은문성연립,031-584-0472,seojeonghyi@example.com
백영길,83456,울산광역시 노원구 가락길 560-7,정남김타워 691호,051-932-4286,njang@example.org
김상현,03837,대구광역시 관악구 가락로 933 (성호이읍),순자이타운,041-248-5420,ieunyeong@example.org
한미정,61031,부산광역시 강서구 영동대64거리 721 (승민최이동),보람최이타워 바동 364호,042-590-9170,ijongsu@example.com
김미숙,77230,부산광역시 북구 테헤란거리 401-91,지후김빌라 397호,053-896-2435,songminji@example.net
김상철,89900,경상북도 당진시 개포거리 919-70,광수이남연립,051-328-9171,gimyejun@example.net
이정숙,65083,경상남도 계룡시 압구정거리 776-53 (정수이한읍),예진박권마을,017-129-4281,gangyeonggil@example.net
박영식,59526,세종특별자치시 양천구 서초중앙길 206-22 (광수박읍),예지김타워 마동 429호,043-147-6967,jaeho39@example.org
남승현,06234,경상북도 성남시 분당구 잠실길 823 (경수장최마을),도윤김임빌라 912호,054-748-5951,hyeonjuseo@example.org
김민서,27558,충청북도 포천시 강남대길 4-23,병철장아파트,011-588-4934,han@example.net
김준서,40062,충청남도 동해시 가락길 531 (민서김박리),진우김이아파트 Z동 509호,042-616-4204,gimsangho@example.net
김우진,03468,제주특별자치도 정선군 오금길 593-44,은영김타워 S동 312호,018-026-2013,jeongsun58@example.net
김현지,04649,세종특별자치시 은평구 개포가 557-24,하윤최아파트 H동 902호,018-334-9857,pgim@example.net
이상현,19313,제주특별자치도 옥천군 도산대7로 219,성수이이타운 X동 079호,018-222-3594,jgweon@example.org
서진호,65118,광주광역시 구로구 언주5길 400,서윤임타워 C동 021호,016-173-5562,yundoyun@example.net
구영숙,50341,전라남도 고양시 덕양구 서초중앙길 541 (지은서마을),선영김김빌라 나동 609호,033-009-6785,seonyeong20@example.org
이명숙,01506,울산광역시 광진구 개포256거리 272-47 (서윤손배면),정자류이빌라 351호,061-720-0994,ujin25@example.org
박영식,64587,전라북도 안양시 논현로 847-12 (영수이마을),서현강구타운 391호,041-414-0825,yeonghwan67@example.com
전현준,61209,광주광역시 강서구 학동46길 851-20,중수김타워,070-2263-4530,wgim@example.net
김정호,68961,전라남도 화천군 삼성가 414 (영일박읍),영숙박마을,019-113-0783,simsunog@example.org
박은경,90183,경상북도 의왕시 잠실6거리 411 (은경윤이면),채원남이연립,054-000-4525,hyeonju60@example.com
심성호,08563,전라북도 부천시 소사구 석촌호수955길 178-67 (현지박김마을),지후최타운 V동 979호,010-4945-7816,gyeongsu11@example.org
윤영수,98717,부산광역시 동대문구 서초중앙497거리 136,동현조타운 P동 403호,042-744-3384,sunjabag@example.com
김영진,32455,대전광역시 은평구 잠실가 809-64 (정웅이마을),채원최양타워 874호,017-623-8609,ogsun08@example.org
이준서,36794,서울특별시 북구 압구정2길 900-86,옥자고연립,032-734-8992,ecoe@example.com
이정자,03477,대전광역시 마포구 서초중앙7로 지하273,예지한빌라 629호,042-885-0730,igyeongsu@example.com
윤성호,77615,울산광역시 동대문구 강남대4로 67 (민서박마을),재현박김타운,043-065-0488,kgim@example.com
고지우,39990,충청북도 용인시 수지구 잠실70거리 54-45 (재현이마을),시우박아파트 O동 211호,070-5930-0521,subinjeong@example.com
김성진,46978,전라남도 증평군 석촌호수50가 82,영수김이타워 Y동 533호,011-743-8637,ubag@example.org
김영식,18861,충청남도 김포시 서초대771길 632,민준전마을 J동 195호,011-659-5099,yeongil10@example.com
하은정,15918,대구광역시 노원구 논현가 917-67,영희류마을,043-607-8599,bagmijeong@example.net
황상훈,45154,대구광역시 동대문구 석촌호수86로 150-54,진우김박타워,054-295-0542,yeonghyi24@example.net
이서준,78053,전라남도 속초시 논현3길 179 (현지김장리),성진김이타워 323호,042-332-6786,psim@example.org
이정웅,81196,부산광역시 동작구 양재천6로 385-3 (예준최면),미숙김빌라,016-677-8303,seojeongsug@example.com
이수진,24788,인천광역시 은평구 서초중앙길 499-32 (정훈오송읍),승민김지연립 927호,033-389-3843,yeongsugjo@example.com
장재호,76969,제주특별자치도 부여군 백제고분5로 656-58 (정자손김마을),정순황타운 W동 081호,044-559-4209,wi@example.org
문정훈,10220,전라남도 고양시 양재천거리 542 (승민이강동),현우김문마을 X동 132호,061-335-1509,dgim@example.net
윤영철,91865,전라북도 과천시 논현로 지하172 (준호양동),지현강연립,017-535-3538,misugi@example.net
남영식,99633,전라남도 부천시 오정구 언주687거리 699 (현준이동),상현김타운 O동 907호,052-175-8591,sumingim@example.org
손승민,25442,충청남도 당진시 양재천로 922 (병철김면),진호이타워,064-770-2365,coesanghun@example.com
김병철,85885,충청북도 충주시 압구정30거리 98 (수빈이김읍),정순김백마을 557호,032-606-7443,myeongja91@example.com
이현준,90538,울산광역시 성동구 역삼8거리 35,영진안타워 나동 179호,019-841-2190,ymin@example.net
윤경숙,31992,대구광역시 종로구 도산대가 343 (경수안이면),현주김연립 963호,02-6978-8064,jeonghogim@example.net
이진우,42585,제주특별자치도 금산군 테헤란길 461-92 (정남김백읍),광수박빌라 405호,019-579-7672,yunjungsu@example.com
박성민,78418,전라남도 청양군 역삼647거리 지하995 (현주이성마을),광수박마을 T동 963호,033-019-4357,mijeongbag@example.com
이영자,58338,경상북도 수원시 권선구 오금79길 14,정희이김타운 295호,042-048-0840,hyeonji09@example.net
이주원,01217,대구광역시 강남구 테헤란길 472,민재임마을,070-5570-1605,sanghungim@example.net
문순자,70024,인천광역시 영등포구 가락925거리 358,정식이정타워 278호,042-388-4193,jeonghunjo@example.com
김재현,64198,인천광역시 금천구 도산대175가 976 (병철장김면),승현홍김빌라,043-719-0330,najunseo@example.net
서병철,07678,부산광역시 강동구 가락538길 804-15,지연한윤타워 C동 246호,063-374-3434,cgim@example.com
허경수,44750,대전광역시 노원구 강남대거리 857-8,현준김이빌라 A동 258호,02-0245-8474,jihugim@example.net
김성호,90575,서울특별시 서대문구 반포대37로 508 (재호우배마을),주원박빌라 205호,061-019-9727,ugim@example.org
이상현,47271,대구광역시 마포구 압구정935거리 599 (중수조안마을),민수이강아파트,033-352-6521,jia35@example.org
주서현,78343,세종특별자치시 종로구 오금가 지하61,보람이전타운,016-929-0020,gwangsu96@example.net
이상현,73634,경기도 연천군 오금로 109-48,준영이서타운 127호,043-612-7744,gimhyeonsug@example.net
이지훈,95366,경상남도 포천시 서초중앙2로 871-26 (옥순고읍),미정김타운 X동 640호,031-783-2455,yeji38@example.com
김정수,26147,인천광역시 서구 양재천727거리 647-57 (은주양마을),현숙남타워 629호,041-865-5743,cunja70@example.net
최명자,80763,제주특별자치도 금산군 테헤란로 582,성현성이타워,061-476-5416,ui@example.com
이순옥,20866,제주특별자치도 서천군 언주448길 777 (상현전동),명자김이마을 462호,055-110-1229,yunsiu@example.net
문진우,43918,대전광역시 중랑구 도산대0로 122-37 (수빈김서면),서윤김박빌라,011-068-4282,rgim@example.com
조시우,80122,대구광역시 은평구 백제고분길 395-65,시우박마을 841호,019-822-0412,yeji94@example.org
김도윤,23580,광주광역시 금천구 강남대거리 지하192 (주원김면),상현김타워 J동 283호,011-765-4093,minjaeheo@example.com
진민준,25266,전라남도 양양군 영동대거리 304 (미경윤동),정순송빌라 S동 296호,019-054-2662,seoyeonggim@example.net
김영미,94932,전라남도 양양군 역삼84거리 263,은서우송연립 414호,032-101-1277,ci@example.org
박성현,67718,울산광역시 서구 언주16길 485-60 (영식김동),서준서박타워 마동 037호,052-885-8823,sanghoi@example.org
김예진,89223,대전광역시 금천구 오금길 983 (하은박면),영자문빌라 라동 204호,055-084-7063,yejinyang@example.net
윤성호,58256,서울특별시 동구 논현거리 844 (영미오이리),준영권연립 바동 666호,054-027-1324,seonghunjeong@example.org
김수민,72353,대전광역시 송파구 언주가 389-45 (보람최최리),영진김이빌라,052-691-9836,baejunho@example.com
서건우,12151,세종특별자치시 서대문구 테헤란662가 625,하윤김마을 K동 858호,063-867-1945,cunja40@example.com
김준서,83715,전라북도 부여군 테헤란494길 317,영순송연립,061-470-5878,hyeonjui@example.org
김영수,53371,제주특별자치도 평창군 언주70로 346 (옥순이김리),지은이박마을,051-766-1554,mgim@example.net
김영진,51791,경상북도 양평군 영동대825가 602 (영진장리),경숙이이타워 S동 713호,043-079-8335,sunjabag@example.org
서정숙,24201,충청남도 고성군 테헤란6길 343 (예지장마을),은영홍아파트 I동 791호,062-434-8516,doyunjo@example.net
김우진,91961,울산광역시 중랑구 강남대거리 543-17 (정남박마을),성호김타운,041-996-7848,yejiryu@example.org
이상철,71763,울산광역시 동구 서초대길 470-95,서현김장마을,042-004-6227,gimjeongsug@example.com
양은영,92490,충청북도 옥천군 개포32가 373-73,성현윤김타워 라동 777호,070-8254-9580,bagyeweon@example.com
강민준,69263,인천광역시 영등포구 테헤란길 19 (민수이면),민준이강마을 140호,052-451-1493,seonghunsong@example.net
김민석,64818,경상북도 양구군 영동대가 824-68,춘자김김마을 221호,061-850-3443,donghyeon75@example.net
김현주,57310,세종특별자치시 강서구 논현7로 710-79,성진윤아파트 M동 057호,018-796-7781,yeongceolbag@example.com
박성진,63403,전라북도 인제군 삼성43가 111,재현윤배빌라 877호,062-734-9236,seunghyeon27@example.org
김주원,16647,강원도 홍성군 논현43거리 440,경자류박마을 B동 289호,042-822-0323,jiyeongyun@example.com
김보람,15159,광주광역시 강북구 봉은사거리 272 (민지허동),정숙김황마을,051-699-8569,doyun56@example.com
김서현,04285,전라남도 의왕시 개포길 744,진우이이타워,02-9011-7238,gimcunja@example.com
이아름,87214,경상남도 군포시 백제고분37거리 695-22 (경숙이동),종수박김빌라 P동 117호,033-590-5668,xi@example.com
박서현,08019,충청남도 청양군 학동5거리 163-49 (정순박한마을),영자남아파트 C동 154호,018-481-4652,ogsun54@example.com
최현우,30668,제주특별자치도 태안군 반포대2길 지하113,경자윤박마을 212호,055-359-0071,seoyeoni@example.com
오상호,37078,전라북도 홍성군 서초중앙270가 754-71,진호권아파트 A동 266호,016-184-9088,sujinbag@example.com
최상호,12672,충청남도 부천시 오정구 서초중앙297로 395 (영수양면),상호이김연립 370호,016-198-0598,jaehyeoni@example.com
김승민,99447,광주광역시 성동구 석촌호수로 35 (지민이김동),영진노연립 128호,043-944-6986,yeongsuni@example.com
김은영,95564,전라남도 예산군 강남대184길 994,정남백빌라 077호,032-054-6929,ygim@example.org
이서윤,04644,경기도 의정부시 영동대가 99,상호김안마을 T동 524호,061-116-7312,songsanghyeon@example.org
황상철,05534,인천광역시 금천구 강남대0가 27,경숙김윤빌라 183호,017-928-6606,byeongceolgim@example.com
김미영,88884,대구광역시 은평구 압구정6길 799 (준혁우우리),동현이연립,064-705-2038,miyeonghong@example.org
고영길,77549,전라남도 동두천시 영동대0가 265-40 (지현김리),지훈류이마을 P동 414호,032-561-3952,yeongho05@example.org
안미숙,89865,광주광역시 강서구 삼성가 441 (승민박이읍),영진김연립,070-5638-7248,whwang@example.org
한지후,15989,인천광역시 북구 오금749가 147-18,우진장마을 311호,062-887-4639,jaeho91@example.net
김준영,28689,부산광역시 성북구 가락거리 469,지민김아파트 D동 081호,054-677-5450,sumin38@example.net
우정수,80263,경상남도 청양군 테헤란94거리 지하261 (정순권리),예원김강연립 552호,051-302-5433,caeweonjang@example.net
문광수,80566,경상남도 영동군 개포가 422-94 (진호임박면),서준김박타운 464호,010-4978-1651,coeeunju@example.com
이정호,16336,제주특별자치도 논산시 논현길 233-63 (민준이동),영자송오빌라 A동 517호,062-151-9919,icaeweon@example.com
박은주,82869,제주특별자치도 홍천군 학동64길 468-86 (경희이안면),승민주연립,02-5635-9740,zan@example.net
김영순,51257,충청남도 충주시 백제고분24로 지하962 (정웅장박면),상호박홍아파트,016-773-7280,ui@example.org
김하윤,03460,대전광역시 중랑구 석촌호수039거리 768-72 (경자김김읍),은경김연립,052-154-5193,yeongjinbag@example.net
김민수,24384,경상남도 영월군 테헤란거리 974-78,예준김연립,055-000-6153,pmun@example.net
김명숙,22146,경상남도 성남시 중원구 서초중앙길 71-39,영일김마을 K동 487호,032-295-7568,gimjunyeong@example.org
장지민,44869,광주광역시 강남구 압구정164거리 558 (예준임오읍),선영박타운 293호,062-462-3462,yeji52@example.net
서순옥,83380,강원도 홍성군 학동579가 271,상훈최신연립 U동 543호,041-662-7769,co@example.net
김아름,29822,대구광역시 마포구 잠실68길 754,경숙백마을 X동 509호,043-409-5830,ybae@example.net
차주원,60042,대구광역시 영등포구 가락2길 지하927,지훈김타운 나동 547호,043-887-2666,ibyeongceol@example.org
강수빈,74574,울산광역시 노원구 가락로 304,준영이아파트 나동 034호,042-719-0571,igang@example.org
서중수,45936,대전광역시 용산구 반포대98길 179-46 (영호김면),순옥박이마을 나동 199호,063-380-3077,chan@example.net
윤영숙,24924,경기도 양구군 선릉가 지하657 (영수김김리),수민김타운 454호,061-306-4284,qi@example.org
이시우,63007,경상북도 태백시 영동대25거리 395 (정웅김읍),준혁정타운 964호,044-901-9276,yeonggil56@example.com
이성수,57527,강원도 군포시 압구정09가 150-68,서현최마을,02-7802-1809,coejunyeong@example.org
김예은,47530,경상남도 양주시 백제고분27가 842,수빈이타운 700호,051-272-5769,bagseongho@example.com
오동현,08302,서울특별시 양천구 잠실35로 470-67 (영미김면),은지강김타워 858호,055-348-1971,hyeonu11@example.org
권영식,28411,제주특별자치도 청주시 서원구 백제고분6길 229,영희박타워 688호,054-491-3711,munyeonghwan@example.org
김서현,47818,경상북도 예산군 역삼826가 497-89,영순이윤빌라 E동 226호,019-946-2448,siu93@example.net
김정숙,03833,울산광역시 영등포구 논현38길 지하650,예원윤김타워,053-945-0501,hgim@example.net
황민지,37515,울산광역시 금천구 삼성0로 473-30 (지영최이마을),지민구빌라 240호,063-151-2590,bgim@example.org
남경자,15153,충청북도 예산군 백제고분거리 583,영진김마을,010-7975-0267,gangseohyeon@example.org
이지민,05474,세종특별자치시 양천구 언주4로 862-11,재현하김타운,019-805-0505,qgim@example.com
김은영,39516,울산광역시 중랑구 잠실52가 834,예지김타운,019-002-7419,ujingim@example.com
허예은,52788,제주특별자치도 금산군 석촌호수가 990,우진이권아파트 832호,018-293-0113,jeongsug04@example.net
류서준,19892,충청남도 안산시 단원구 영동대172로 지하164,명자한고빌라,017-331-7055,seungminjang@example.org
이영진,40250,경상남도 태안군 서초중앙로 903 (예지김우읍),정수허김타워 680호,018-372-1646,nyun@example.net
박영자,91248,울산광역시 중구 가락3거리 655,영순홍윤아파트,011-722-9177,jihyeon71@example.org
조준영,42724,제주특별자치도 음성군 석촌호수602거리 312-95,경수이차마을 K동 209호,051-602-3504,hjo@example.org
이은영,52629,강원도 옥천군 테헤란가 537,은경홍마을,043-255-5825,areumi@example.com
김정숙,87847,부산광역시 마포구 잠실로 535,하은김아파트 마동 089호,062-099-8403,jeongsuggim@example.com
김영순,86414,강원도 광명시 논현로 965,진호김양연립,070-3252-4329,ogja21@example.org
김현우,86914,대구광역시 구로구 봉은사538길 8,선영김권아파트 719호,033-971-4508,donghyeon61@example.org
백정자,98481,전라북도 천안시 서북구 강남대가 212-62 (정숙김이리),혜진권아파트 D동 360호,070-7657-7797,qgim@example.org
안영숙,86766,강원도 화성시 양재천51로 345-56,미숙이빌라,02-8708-5392,gimjaehyeon@example.org
김은영,68261,경상북도 속초시 서초중앙로 37-33,정식류빌라 Y동 050호,010-6536-1082,eunju95@example.com
김현우,98733,충청북도 음성군 가락8길 지하674 (경수김강읍),상훈류마을,017-636-2297,yujin14@example.org
최성현,54124,전라북도 파주시 봉은사거리 793-9 (현정안이동),도윤김마을,055-200-8412,songminseo@example.net
박지영,56975,충청남도 여주시 가락길 743 (영철김동),옥순김아파트,032-680-3995,ijunyeong@example.net
이미경,45067,전라북도 제천시 봉은사988로 124 (명자이마을),성수이박타워 마동 337호,017-000-3778,seonghyeon80@example.org
이춘자,48747,강원도 용인시 기흥구 학동2로 717 (성진박김읍),정식한타운 080호,061-761-2210,ri@example.com
김상철,99712,서울특별시 중구 반포대3길 43,수민이마을,063-853-2925,oryu@example.com
이은지,49968,서울특별시 영등포구 반포대거리 406,지민송빌라 O동 551호,062-051-8157,yeongsu10@example.com
최준서,51635,충청북도 청주시 서원구 반포대923로 995-89,종수조타워 W동 495호,031-319-9662,lryu@example.org
김선영,99566,제주특별자치도 횡성군 서초대2길 977-49,영철엄마을,055-596-1932,seojeongho@example.org
김하윤,37141,서울특별시 금천구 선릉로 지하972,옥자김김빌라,010-0226-4517,jiuheo@example.org
김정식,99637,경상남도 수원시 오금98로 184-30 (병철안리),성호이아파트 117호,042-904-6357,bagjihyeon@example.com
이준서,61208,제주특별자치도 부천시 오정구 논현거리 907-13 (예진양마을),정식류김타워 마동 194호,017-339-3203,jeongsun13@example.net
이하윤,80033,대구광역시 노원구 서초대60거리 766-84,광수배마을 470호,052-537-0432,jeongsigi@example.org
김미영,39840,제주특별자치도 논산시 봉은사004길 지하907 (정숙김읍),명자박타워 870호,041-910-8874,sangceolson@example.org
서상현,31409,제주특별자치도 하남시 영동대628로 869,예진장아파트 A동 238호,019-674-9813,osangho@example.net
이혜진,52383,경상북도 서천군 잠실3로 607 (민서최이읍),성호최마을,041-256-5479,hyeonji87@example.com
이민서,62009,강원도 당진시 가락거리 579 (영희김김읍),정수성연립,010-8032-2948,minjunyeong@example.com
이지현,61719,전라북도 천안시 동남구 영동대가 559 (수진신면),영자박송마을,033-751-2979,iseungmin@example.net
오민지,70099,충청북도 진천군 언주가 303 (예지곽마을),민서이타워 Z동 120호,070-1603-4400,ygweon@example.org
김정훈,29533,부산광역시 강동구 학동7거리 지하302,예은김타워 668호,053-228-0113,ocoe@example.org
최정식,32014,세종특별자치시 서구 개포504길 지하165,준혁김타운 924호,051-616-5410,jha@example.org
장진호,30867,전라북도 원주시 석촌호수51길 4-30 (성호노박면),수진이빌라,033-187-2016,dohyeoni@example.org
최정수,56706,울산광역시 금천구 백제고분길 686-39 (선영김김면),민준박김타운 P동 520호,053-331-0889,coejunho@example.com
이서영,05658,충청남도 고양시 일산동구 선릉로 253,영진김빌라,043-668-6111,yeongsug28@example.net
김민지,08720,전라남도 화천군 도산대가 3,서영이아파트 652호,044-925-7153,gimseongjin@example.com
배유진,89897,경상남도 부천시 오정구 서초중앙거리 242,은경고최빌라 326호,062-430-5360,bagogsun@example.org
김은서,42423,경기도 용인시 논현로 702,서현김장타워,016-868-7560,qi@example.org
김지원,22778,서울특별시 종로구 잠실거리 863,민서박안타워 666호,053-695-2212,seonghyeon71@example.org
이은영,21915,서울특별시 중랑구 반포대거리 991,현준허최연립 F동 277호,061-472-6098,yeeun59@example.com
김서윤,14789,세종특별자치시 서대문구 양재천길 716,상현김타워,031-792-2568,gwangsu86@example.net
최상훈,25934,인천광역시 중구 압구정가 2,명숙김빌라 Q동 681호,016-586-1935,anjihu@example.org
이윤서,27291,제주특별자치도 성남시 중원구 잠실로 833,예원박아파트 783호,011-875-6942,bagareum@example.org
진은영,09932,인천광역시 북구 백제고분5길 87 (은주김신마을),미경김송아파트 A동 969호,043-789-5379,nosugja@example.net
배상현,33818,서울특별시 동구 논현35가 145-9,정호박이연립 다동 165호,010-1961-5607,jimin83@example.org
이정남,80962,부산광역시 관악구 반포대53길 272,민서손박타워 061호,054-472-8425,fhong@example.org
이진호,13640,경상북도 단양군 양재천가 314,정자김서마을 D동 779호,064-713-3464,minseoggim@example.net
박상호,64728,강원도 수원시 영통구 석촌호수876길 379,영숙김타운,063-828-6872,seonghunyun@example.com
김경희,75517,대전광역시 노원구 석촌호수350거리 533-17 (명숙최동),아름이백빌라,064-710-0600,coeseoyeong@example.com
배명숙,97791,울산광역시 강남구 테헤란길 9,시우최김아파트 S동 943호,017-470-3376,jaehyeongim@example.net
최성호,53419,제주특별자치도 용인시 처인구 압구정9로 862,현지차마을 Q동 428호,051-880-4147,vseo@example.org
심경숙,01631,전라남도 수원시 권선구 반포대949길 353,은정주송타운,062-458-2917,fbag@example.net
황재현,69869,부산광역시 북구 석촌호수가 729 (도현서오동),민준이연립 P동 640호,019-782-5513,seongmin83@example.org
최지아,00765,전라남도 부천시 원미구 잠실81거리 719-31,지후박빌라 가동 891호,018-783-2860,yeongsu60@example.org
홍상호,18515,충청남도 영월군 삼성로 456 (은지심김동),예지김연립 V동 281호,063-093-6636,yangseonghyeon@example.net
김숙자,63657,대구광역시 강북구 학동37가 14,현주김송빌라 600호,043-857-2268,mgim@example.org
김옥자,48012,광주광역시 강남구 잠실로 385 (순옥김박면),정남안김마을 S동 890호,051-857-5487,bgo@example.net
김민석,57565,울산광역시 서대문구 압구정가 680-32,지연백마을 R동 025호,033-019-8269,seunghyeon80@example.net
강서영,39454,경상남도 안양시 석촌호수362가 214 (정자최마을),우진김이타워,02-9991-5761,ibag@example.net
문아름,30759,제주특별자치도 부여군 서초중앙7거리 655,영호전손연립 바동 690호,02-9032-6784,yejungim@example.org
문경자,16252,경기도 음성군 반포대길 983,영희박심아파트,032-421-8137,seunghyeonjo@example.org
서하윤,66854,제주특별자치도 시흥시 오금길 498-97 (현우하최면),영순우연립 131호,010-7686-0642,hanyeonghyi@example.com
김정웅,47546,세종특별자치시 서초구 백제고분6길 814-77,영희박연립,016-794-7076,ubag@example.org
최성진,75677,충청남도 삼척시 오금거리 401-82 (정식김읍),하은황전타운 795호,051-871-7526,minsu30@example.net
배예지,70140,충청남도 안산시 상록구 반포대거리 986 (명숙차동),지은김김타운,043-145-7619,jeonghun96@example.com
나성현,66642,경상남도 성남시 분당구 언주484길 740-2,영일이빌라 477호,011-820-4318,yeongmigim@example.net
권상철,87678,제주특별자치도 동해시 백제고분759길 760,정웅김윤타운,019-541-7412,gyeonghyi65@example.com
오성민,17709,인천광역시 금천구 서초중앙681길 500 (서현한읍),정식양타워,055-561-3973,di@example.com
김은경,31730,부산광역시 서초구 삼성6로 824-45,서현전박타운,011-086-9203,hyeonu86@example.org
김현숙,75417,전라남도 구리시 석촌호수637거리 867-46,지훈김아파트,041-785-9639,subin46@example.org
김정식,95801,전라남도 동해시 서초중앙길 521-53,중수김한타워,043-307-5598,ci@example.com
최정훈,75799,경기도 김포시 역삼343가 820,숙자박이타워 M동 191호,016-247-6156,sunog82@example.org
오영환,56900,제주특별자치도 양주시 역삼가 429-43,성호이연립 바동 172호,02-8555-1428,myun@example.com
이재호,22153,광주광역시 성북구 테헤란790거리 661 (현우양마을),서영강마을 683호,02-4551-4017,hgim@example.org
배예진,97133,충청북도 평창군 압구정로 673,예준김빌라,062-471-2012,ihyeonjun@example.org
박영철,09305,서울특별시 강서구 역삼1로 86,정호홍타운 가동 882호,063-953-9748,seoyeonbag@example.net
이종수,45190,전라북도 정선군 서초대6가 686-62,경숙박안마을 379호,054-200-0092,seunghyeon80@example.com
오서연,07953,경상북도 삼척시 언주0길 914-64 (아름차강동),영호최김아파트 J동 757호,017-603-9820,yeonggilbag@example.org
오옥순,59215,전라북도 광주시 잠실2가 162,정웅김아파트 T동 361호,054-869-6839,junhogim@example.com
이영희,78176,대구광역시 마포구 개포838로 500 (경수박김마을),영희김마을 G동 884호,055-001-5767,ugim@example.net
고건우,40632,경상남도 논산시 서초중앙6로 907,은지김마을 946호,062-263-9188,coeminjae@example.com
류은지,95297,울산광역시 중구 반포대길 21 (성수김임면),종수이마을 나동 412호,02-5449-8458,baghyejin@example.org
오정자,06531,전라북도 화성시 언주길 929-89,민재이연립,062-130-6538,dgim@example.com
이준영,70002,인천광역시 중랑구 양재천8거리 892,지훈한김아파트 I동 966호,061-130-3821,zi@example.org
김하은,54376,울산광역시 성북구 개포가 690 (선영이리),병철김연립 462호,044-191-3390,agim@example.net
성민지,24852,세종특별자치시 북구 삼성6길 428-76,은지김타운 H동 346호,051-976-1972,myeongja08@example.net
차정숙,14667,광주광역시 양천구 석촌호수24거리 지하462,진호지마을 169호,051-701-6398,mi@example.net
구은영,73373,충청남도 용인시 역삼길 612 (현지이김마을),경숙조아파트 U동 138호,042-661-8434,jinho87@example.com
김지후,93599,전라북도 안산시 단원구 잠실8로 지하73,은주최김타워,054-361-4360,dgo@example.com
황도윤,92553,광주광역시 중랑구 반포대00로 951 (하윤이류마을),영순성권빌라 473호,043-666-5836,seoyeongsim@example.com
강은주,27383,인천광역시 송파구 역삼754길 733,은서김빌라,062-141-2868,bagcunja@example.com
안서윤,00568,충청북도 서천군 선릉9길 830-9 (우진안장면),성훈오타워 033호,051-193-9875,doyun26@example.net
윤광수,95700,울산광역시 양천구 역삼로 473 (현정이읍),미정김문연립 478호,016-194-2149,bagjeongung@example.com
서지훈,24883,강원도 양구군 서초대534로 236,하윤김타운 M동 023호,041-461-8574,gimseongsu@example.org
박순옥,97960,전라북도 아산시 백제고분88가 244-77,지후김박타워 753호,019-227-6152,minsugim@example.org
김건우,19639,충청남도 천안시 동남구 영동대3가 262 (성현강윤리),상현남타운 735호,011-834-9662,gimjunseo@example.com
손성호,54424,충청북도 금산군 개포890가 225,정희나이아파트,018-661-2722,ihyeonjeong@example.com
박현숙,59146,전라북도 충주시 영동대거리 943 (경숙문읍),순옥김김아파트,051-959-1954,sanghyeon18@example.org
이수빈,25810,대구광역시 관악구 도산대77가 417,정남정박마을,062-842-4599,minji24@example.org
김지훈,25009,경상남도 용인시 가락3로 101-21 (현주김박동),하은강이마을 F동 268호,018-089-0187,yeonghyigu@example.net
이영자,85282,광주광역시 북구 논현653로 516-41 (지아김리),지현이김연립 372호,016-239-8299,yeonghwan93@example.org
심서연,74985,서울특별시 구로구 영동대09로 68,수빈차오타워 E동 639호,053-484-9816,sanghyeon66@example.net
홍옥순,88131,경기도 평택시 오금60길 935-73 (지우김면),지영노이빌라 V동 215호,02-8310-7970,bagyeongho@example.com
이도현,83588,경기도 보은군 역삼로 298-65,옥순이마을,041-355-8293,ieunji@example.com
서종수,11046,충청남도 안산시 서초중앙263길 9-83 (지원하리),정훈구박마을 T동 351호,031-875-1648,isanghun@example.net
한민재,37540,광주광역시 중랑구 도산대87길 533 (영길김윤마을),아름김마을 N동 821호,017-767-6553,baehyeonu@example.com
손예지,14508,전라북도 단양군 역삼19가 118 (민재권이읍),영호엄남타운 가동 825호,061-630-4108,seosumin@example.org
손지연,45196,경상북도 괴산군 백제고분441로 747-14,상철송김아파트 다동 982호,016-722-8060,siu61@example.com
허경희,02878,충청남도 부천시 오정구 역삼05길 686-67,현지김빌라 N동 257호,051-669-5746,eunseo00@example.com
조지영,73891,대전광역시 노원구 언주로 346-32,재현박마을 801호,042-948-7627,ehong@example.net
김성호,81259,전라북도 양양군 학동84길 771 (현숙이동),도현김주타워 031호,064-755-5210,hanjeongsig@example.com
최준혁,24545,전라북도 이천시 백제고분98로 178-12,서연박타워 C동 155호,044-690-8355,junhyeog29@example.net
김영철,95183,경상남도 고양시 도산대로 844 (정식한황면),준혁오장빌라 502호,019-836-5564,areumi@example.com
김경숙,24081,서울특별시 중랑구 개포로 108-97,영환김아파트 431동 205호,017-391-7694,jeongsubag@example.net
최서준,26954,제주특별자치도 횡성군 개포거리 414-56,성호송마을 D동 047호,011-692-7138,fi@example.com
최성현,56378,대구광역시 용산구 테헤란02가 119,광수송김마을 R동 803호,044-304-4399,xgim@example.com
오성수,84393,경상남도 정선군 학동로 466-84,정순장김마을,070-2682-9634,ujinu@example.org
이서현,29701,광주광역시 동구 서초대거리 316,광수김최빌라 다동 965호,041-643-8734,jiyeongsig@example.org
강진우,96043,강원도 춘천시 논현길 280,은서최김연립,011-375-8310,seojuncoe@example.org
배예진,19552,제주특별자치도 양주시 논현1가 912,예진김박마을,033-582-8318,yeongsig05@example.net
윤숙자,21734,경상남도 강릉시 도산대26가 490-5,영환이아파트,043-413-4902,jihu69@example.org
이경자,39368,충청북도 용인시 기흥구 논현길 843-14,준혁김성마을 103호,070-8144-2021,jeongsug94@example.com
이옥자,78207,부산광역시 은평구 논현로 223 (영일정김리),영식김김타워 085호,032-443-3027,pgim@example.org
류성현,84180,충청남도 옥천군 가락26로 918-80 (은경한윤리),정희장아파트 585호,061-193-1094,yeweonhan@example.org
김경숙,28133,충청북도 안양시 언주로 지하705,미영이아파트 다동 421호,019-443-6722,hyejin94@example.net
김성민,21967,전라북도 춘천시 도산대로 243-66 (상철김리),지은서강빌라,053-404-3525,junhocoe@example.net
박지현,83108,광주광역시 서초구 학동가 919-94,현우홍연립 009호,042-170-1610,sinseunghyeon@example.org
김영환,53940,세종특별자치시 서초구 오금길 361 (미영황읍),은지최강타워 436호,061-467-9062,gimjeongsug@example.org
김순옥,63678,부산광역시 송파구 삼성가 270,영환김타워 마동 259호,055-469-2780,jiweoni@example.com
배정훈,25747,울산광역시 동작구 양재천길 지하451,수빈권마을 777호,052-083-1972,hwangseongjin@example.net
박예원,30649,경기도 안성시 영동대016거리 643-86,하은윤마을 다동 972호,070-7450-1685,egim@example.com
박상훈,25000,제주특별자치도 단양군 선릉96길 762 (서영이최리),성수김빌라 T동 767호,044-700-1827,jiweon60@example.com
최유진,16289,서울특별시 성동구 석촌호수205거리 502 (은경박읍),영길배마을,018-023-0301,ycoe@example.com
이광수,59440,서울특별시 동대문구 서초중앙가 134 (서현김면),서준송이연립 459호,063-687-6234,nhan@example.net
하경수,60130,경기도 부천시 소사구 서초대로 89 (병철김읍),유진박김빌라,064-743-1711,bgim@example.com
김현주,84493,인천광역시 마포구 서초중앙거리 지하736,민재이빌라,032-434-4601,dohyeonan@example.net
김선영,05848,전라북도 부천시 오정구 삼성거리 911,서준이마을,018-007-7136,seongmingim@example.org
임예원,66189,부산광역시 용산구 삼성5길 64-26 (현주김김읍),민재박박마을 L동 518호,02-2037-9661,yi@example.com
양은경,02062,세종특별자치시 강동구 백제고분217로 73-79,보람박타운 529호,033-186-0886,yeongsu41@example.net
구승민,23876,경상남도 수원시 영통구 오금03가 882,정숙이김마을 542호,063-141-0851,cgim@example.net
박현준,58288,대전광역시 용산구 테헤란가 900-72,미경오타워 520호,044-410-7663,ccoe@example.org
박정호,71417,충청북도 천안시 서북구 봉은사거리 977,경수최빌라 720호,011-357-6873,dbag@example.org
윤하윤,27184,세종특별자치시 성북구 논현가 992,옥자이고타운 144호,053-305-7659,yeeungim@example.net
이지우,57054,세종특별자치시 성동구 삼성가 573-57,경수김노연립 758호,044-031-9330,minseog35@example.com
이진우,55560,부산광역시 양천구 도산대3거리 800-8 (미정김읍),성수윤마을,043-444-8580,gimhayun@example.com
윤성수,71203,경상남도 구리시 반포대가 65 (진호이김면),준서박마을 N동 595호,02-0768-8791,areumgim@example.net
이현우,01411,서울특별시 동구 양재천940거리 658,경자박마을 985호,02-7503-5261,dohyeon91@example.com
강승현,21816,인천광역시 종로구 개포39로 902,도현김김마을 V동 880호,041-617-9197,jeongsujang@example.net
류지아,36174,서울특별시 마포구 도산대1가 지하204 (정웅권나리),채원김김타운 541호,02-1220-3659,gimjihye@example.com
김시우,70386,전라북도 보령시 선릉684가 487 (서영김김리),지아류권타운 X동 944호,042-432-5241,doyunan@example.net
윤채원,77382,세종특별자치시 남구 언주길 806 (현정윤마을),하은김이연립,064-769-2660,lgim@example.net
황민서,66832,경상북도 안양시 만안구 가락가 480-13,순자이김아파트,052-920-6627,seongjini@example.com
박영자,22588,전라북도 고양시 개포68로 961-41,서준김마을 520호,052-489-4113,bagboram@example.net
김광수,82885,울산광역시 강동구 도산대6가 377,성호이김연립 U동 957호,043-495-7519,jbae@example.net
김영수,14109,세종특별자치시 남구 언주길 985-66 (영희김면),정순이타운 415호,070-1460-1826,lgweon@example.org
이경숙,09639,대구광역시 서구 백제고분6거리 230-86 (수빈강우면),영진박성아파트,052-679-8487,seoyeongim@example.org
김은주,20357,경기도 음성군 강남대로 지하465,영순서타워,052-895-0103,gimseungmin@example.org
이영일,75459,경상남도 파주시 개포거리 687,성진김빌라 D동 849호,033-555-2538,iseonghyeon@example.net
양상현,87137,대전광역시 노원구 봉은사가 839-43 (정식박동),서영나강타워,032-552-2552,areum99@example.org
김지원,00421,경상남도 증평군 백제고분로 951-58,영환이빌라 429호,055-426-0635,gimhyeonsug@example.net
김영진,41880,경상북도 청양군 강남대로 253 (윤서구읍),지연전아파트 P동 629호,032-842-0267,ci@example.com
김성진,69876,충청북도 양구군 석촌호수거리 168-92,정희고마을 138호,063-212-0675,seungmin21@example.net
엄영순,38695,광주광역시 영등포구 잠실6가 376,보람유유타워,031-163-5659,yson@example.org
이서영,94928,세종특별자치시 금천구 도산대56로 444-14 (중수홍마을),민수최김타워,018-085-9521,lgim@example.com
김정수,96880,서울특별시 서대문구 역삼559길 715-10 (경숙김김면),미영강이타워 727호,051-616-0834,migyeong97@example.org
곽진호,83306,제주특별자치도 계룡시 선릉39로 648,경숙김연립 P동 326호,041-787-6508,mjo@example.net
오서연,21907,울산광역시 서초구 서초대4로 335,예은성권마을 590호,031-466-8704,honggyeongsu@example.net
김현준,70243,부산광역시 강동구 석촌호수로 203 (정남김마을),승현오타워 871호,011-891-6558,donghyeongim@example.com
배영미,12919,경기도 정선군 영동대가 814-58,서연서타운 841호,031-155-3288,yeongsug01@example.net
류영희,52559,제주특별자치도 가평군 도산대026길 604-14,경희오김빌라,010-1830-4287,lgim@example.org
이지후,60548,충청북도 보령시 반포대537로 901-41 (상현이최동),경숙최연립,033-554-5291,isangho@example.net
우영일,80893,광주광역시 용산구 봉은사가 907-16,준혁김타워 164동 374호,043-087-4778,ogim@example.net
노시우,67505,대구광역시 강서구 테헤란960거리 321,보람장빌라 439호,016-383-5681,baghyeonjeong@example.net
김명자,28087,대전광역시 중구 논현51로 178,영자최고마을 가동 563호,016-865-7988,mijeong84@example.net
고준혁,50969,강원도 당진시 영동대31거리 703,지아김이타워,018-436-6871,imsumin@example.net
이은서,39367,경상북도 양평군 강남대거리 6,영호최박마을 J동 838호,054-777-9713,jiabag@example.com
이은지,77113,세종특별자치시 금천구 논현374가 110,영길이박타워,010-5021-5959,sanghohan@example.org
서상철,97617,대구광역시 양천구 압구정로 529-10 (성진김동),도현김김마을 X동 632호,042-189-4930,gimyeongmi@example.net
최건우,75458,경상남도 계룡시 석촌호수29길 779-81,은주이마을 Y동 393호,053-524-4560,seonghyeon11@example.com
홍유진,93917,세종특별자치시 종로구 백제고분0길 584-61 (성현김이마을),서윤이김마을,041-729-5700,jinu07@example.com
이예진,53533,광주광역시 송파구 테헤란3가 지하336,도현양성빌라 262호,061-788-2903,ogim@example.net
황영호,40299,경상남도 구리시 오금06거리 678 (민지전김리),순자김타워,070-2030-1243,sanghyeon32@example.com
김옥자,59167,광주광역시 동구 잠실길 742,서준김윤타운,042-203-4718,gyeonghyigim@example.org
김은서,77685,경상북도 안양시 만안구 봉은사거리 405,영희류이빌라 404호,053-082-6113,mijeong20@example.org
장영환,32417,충청남도 천안시 서북구 봉은사가 75 (동현지면),혜진권노타운 530호,041-627-9129,gimyeongmi@example.org
김은경,68902,부산광역시 북구 반포대156길 857-33 (건우김이리),도현김아파트 M동 625호,070-4053-8155,hyeonsughwang@example.net
박예은,14919,경기도 군포시 반포대거리 382 (예원이김면),서준이아파트 라동 868호,010-4729-1133,minsu98@example.net
권주원,46238,충청북도 청양군 역삼47거리 363 (정호최오읍),예준김이타운 S동 175호,061-653-7786,yeweonha@example.org
김수빈,25416,경상남도 용인시 수지구 삼성52로 998-42 (건우차이읍),정호지김마을 520호,052-173-2035,yeongceol81@example.org
안윤서,49660,제주특별자치도 성남시 중원구 논현가 576-40 (현준박권읍),지후문연립 F동 738호,063-231-0640,hyeonjeong94@example.com
강광수,86644,울산광역시 용산구 잠실거리 246,현우최장빌라,033-004-2364,gimminsu@example.com
박성호,97678,강원도 금산군 가락거리 629,성훈이타워 586호,062-572-6935,donghyeon28@example.org
최민지,93989,울산광역시 서초구 봉은사037가 700 (병철김한면),서현손박타운,042-504-0965,minseoyun@example.net
김진우,38600,경상북도 삼척시 도산대952로 519,예지김김마을 580호,062-197-9169,myeongsug55@example.com
나승현,80426,인천광역시 마포구 압구정가 지하450 (현정이동),정숙김타운,064-762-0751,songbyeongceol@example.com
박성현,32195,전라북도 평창군 도산대61길 540,경희김이타워 M동 114호,018-390-7854,bgim@example.org
김경수,03365,경기도 안산시 잠실길 575 (현우김최읍),상현김연립 188호,061-564-1027,jiugweon@example.com
이성호,11768,세종특별자치시 중랑구 논현113가 74 (은정김이동),상호김연립 F동 746호,018-232-3429,ogim@example.org
송정웅,23581,경상남도 고양시 일산동구 영동대거리 지하7 (예진황이마을),지은박송연립 272호,02-2711-0323,yeongmii@example.org
김은경,98782,전라남도 안산시 개포길 799,영숙이박타워,019-730-4427,xgim@example.org
박현준,84087,인천광역시 영등포구 가락1가 52,병철전마을 791호,016-391-8657,iseojun@example.org
이영식,78688,울산광역시 강동구 서초대길 527,하윤박빌라 P동 781호,02-5695-2735,uca@example.org
이예준,79230,광주광역시 노원구 삼성043거리 305-33 (정희손리),예진이유빌라 751호,032-133-7111,lbag@example.com
김동현,58482,대전광역시 종로구 논현074거리 488,성민노마을,044-063-0465,sgim@example.org
박명숙,87142,전라남도 천안시 동남구 역삼거리 686-59 (도윤최류리),주원권연립,070-8807-2767,yeweon01@example.net
성정수,58933,인천광역시 마포구 선릉가 31-81 (광수곽이마을),시우김허마을 17동 405호,041-124-2854,jieungim@example.com
박옥순,35138,경상북도 평창군 논현로 180,은서김빌라 L동 802호,016-368-1697,si@example.net
성정희,08418,대구광역시 금천구 강남대392거리 480 (아름이최읍),은영최윤아파트 A동 297호,070-2451-3836,hayun36@example.org
강민수,20882,제주특별자치도 용인시 처인구 오금6가 179 (성현구류마을),현준김남타운,053-123-5516,gangjihun@example.net
이경수,34460,경상남도 의정부시 도산대로 207-85 (예지김읍),지영박연립 028호,052-427-0609,pgim@example.net
손수민,02989,울산광역시 강남구 잠실28길 214,시우서홍빌라 07동 940호,044-152-2550,icoe@example.org
최서영,72985,세종특별자치시 강북구 삼성로 331-43 (정훈최김면),광수김최빌라 다동 937호,02-3409-0001,yunmyeongja@example.com
김정희,48735,광주광역시 강남구 논현464길 685,성현홍강타워,041-254-9836,jiweon03@example.net
박민준,46309,강원도 아산시 압구정로 120-85,서영윤타워 196호,031-460-7370,mgim@example.com
박수민,11805,경상북도 하남시 강남대로 541-42,진우강타워,043-337-8558,ki@example.com
김성민,74880,울산광역시 북구 논현874거리 560,영철김빌라 403호,061-661-7612,ago@example.org
박정희,19745,경기도 제천시 선릉거리 지하551 (옥자박김마을),성수김타운 V동 641호,070-4149-7387,mhan@example.com
윤지현,71568,제주특별자치도 용인시 처인구 가락424가 지하983 (정식박동),영희손연립,043-468-1240,minjun24@example.com
한민서,90882,인천광역시 금천구 선릉로 923-25 (명자김면),영철허김빌라,053-663-6563,sunogan@example.org
김옥자,02252,부산광역시 강북구 역삼거리 523-21,순자신안아파트,055-309-1178,miyeong13@example.net
김상현,90321,부산광역시 중구 논현가 지하666,현지김김타운,02-9517-6509,seoseongmin@example.com
김도현,32872,부산광역시 강서구 압구정로 913,성훈김손마을,053-849-2805,ci@example.com
최지영,42925,경상북도 공주시 서초중앙207거리 648 (명자고김읍),민석최타운,052-144-8166,lbag@example.com
이영일,84603,전라남도 금산군 봉은사길 58 (명자권마을),서연조장타워,042-041-1290,borambag@example.org
박선영,32601,세종특별자치시 금천구 역삼893로 지하438,숙자이정빌라,054-197-5055,ebaeg@example.org
엄성호,43820,부산광역시 서구 양재천4거리 461-96,주원우빌라 718동 893호,017-776-7271,gimmigyeong@example.org
김은경,57443,강원도 청주시 서원구 언주00거리 740 (정순김마을),민석박백빌라 799호,017-512-4262,yunmyeongsug@example.com
김광수,33213,경기도 연천군 언주406길 962,은지이손마을 A동 160호,016-009-8192,seongminhwang@example.org
박정호,61087,경상북도 수원시 팔달구 도산대8가 312,서현강타운 141동 467호,018-719-3761,yeongja55@example.org
김병철,68663,광주광역시 서구 양재천로 875-63 (현지박이동),수빈허이아파트 93동 374호,041-260-5444,xgim@example.net
박상현,78377,광주광역시 관악구 석촌호수거리 272 (하윤남마을),선영박아파트 848호,031-380-0711,doyun76@example.net
박정순,03033,경상남도 과천시 양재천603가 지하877 (승민한한마을),준혁진빌라,063-189-1534,khan@example.com
김민재,72507,전라남도 동해시 오금가 457,은지이전빌라 나동 192호,051-516-6743,ri@example.org
장예지,15748,인천광역시 중랑구 도산대길 943 (현주홍읍),현우안아파트 304동 317호,018-908-8202,igim@example.org
한춘자,13530,세종특별자치시 강동구 개포가 392,영철손타워,031-723-8996,gimyeongjin@example.org
이현우,74347,부산광역시 강동구 봉은사가 202 (시우김마을),은서김아파트,051-079-0939,jiminsim@example.com
이영식,10968,전라남도 태안군 삼성로 630,정호이아파트 라동 156호,052-811-1438,yeongsun65@example.net
김순자,55297,광주광역시 은평구 반포대137거리 52,승민최타운 715호,043-275-5247,zna@example.net
박경수,07915,서울특별시 서구 압구정로 147,영숙김김타워 I동 868호,043-227-6917,iyeongjin@example.net
류예지,52233,충청남도 파주시 양재천2거리 지하391 (옥순이정읍),미영박권마을 I동 084호,043-572-1947,nammisug@example.net
문시우,59200,충청남도 충주시 도산대469로 318 (성훈김마을),지은최하아파트 229호,062-434-7212,junhogim@example.net
박민석,64996,경기도 광주시 백제고분거리 지하754 (서준김이면),민지김송연립 T동 113호,044-366-8255,jangjungsu@example.org
김은영,49805,부산광역시 은평구 테헤란44로 368 (지현박윤면),병철고빌라,055-429-8831,hyeonjun33@example.com
김정수,33416,강원도 제천시 압구정134로 682-59 (지은박김마을),순옥이연립 Y동 618호,052-684-8236,yejino@example.com
박민석,66176,대전광역시 은평구 도산대058거리 418-51 (정호김동),지혜장남연립 다동 211호,042-655-5058,iyeongjin@example.net
김혜진,55590,대전광역시 동작구 영동대107거리 841-92 (준영홍읍),병철한김아파트 819호,018-843-4717,sanghoi@example.com
이선영,73843,전라남도 영월군 선릉거리 370-7 (도현김이면),상현이아파트 029호,043-603-8988,qgim@example.com
이정웅,14061,경상북도 부천시 오정구 삼성165로 237,순옥서이빌라 228호,053-858-9945,coejunho@example.org
이성수,89016,울산광역시 동대문구 반포대67로 168 (중수김허리),예진손김타워 가동 519호,063-225-5989,seongho82@example.net
장서영,42956,세종특별자치시 중구 언주24가 240 (지원김송면),병철박이마을 237호,062-159-1458,boram86@example.org
박미정,97542,전라남도 평택시 서초대5길 576-34,승민김빌라 W동 554호,031-113-0157,yeongsui@example.net
손정남,83890,세종특별자치시 도봉구 반포대가 968-77,예원김마을,041-440-2418,ogja89@example.com
신정수,13527,경상북도 진천군 백제고분길 196-69,건우김마을 Z동 133호,061-846-7161,doyun75@example.org
이영숙,69921,인천광역시 동작구 강남대9가 564 (예준김동),정순김이아파트,017-995-0220,subin55@example.net
한재현,87462,경기도 진천군 영동대로 87-8 (정자김김면),지현황임빌라 388호,044-572-6023,zgim@example.net
김민재,52773,경기도 인제군 언주8가 271,미경김이아파트 나동 797호,044-874-3747,jeongungyun@example.com
박지원,21245,충청남도 시흥시 도산대거리 230,은지지타운 W동 895호,051-147-4168,yunseogim@example.net
양유진,97705,강원도 이천시 가락거리 59,지영김송마을 V동 406호,010-9632-4889,ggim@example.org
박영자,69728,세종특별자치시 양천구 양재천길 362 (경자강이동),정수이타운,018-110-3096,gimmyeongsug@example.net
김은영,58667,제주특별자치도 양평군 잠실로 724 (예원임김동),민석홍양빌라 767호,041-684-8431,jihyeon67@example.com
김수진,95952,대구광역시 동작구 잠실4길 618,주원한타워 Q동 371호,070-4343-0610,songujin@example.org
서영자,77383,충청남도 성남시 분당구 영동대36로 488,옥순김빌라 H동 520호,064-720-0501,eunju59@example.com
나선영,80091,인천광역시 동작구 가락15로 391-12 (예지이박동),지원김김연립 L동 943호,018-926-3674,seunghyeon40@example.org
하건우,40263,충청북도 포천시 잠실7거리 627 (예지박구읍),미경이타워,053-257-9391,myeongsug67@example.org
강재호,59833,전라북도 태안군 오금가 924 (경수이김동),건우박연립 613동 366호,016-288-4933,cgim@example.net
박지후,49976,대전광역시 도봉구 석촌호수3로 11 (민수정차동),혜진주타운 329호,033-738-8726,jihun66@example.net
이진우,80194,경상남도 당진시 오금로 60-12 (서윤조동),혜진박타운,032-939-4105,hyeonsug62@example.org
서정남,45764,전라남도 안양시 동안구 학동55길 250 (영희이이읍),은영김류타운 620호,055-577-4565,gwangsugim@example.net
이성진,19475,대구광역시 송파구 오금가 719-4,중수이최연립,011-617-7404,jiminhwang@example.net
안영순,36213,경기도 음성군 삼성3거리 119-29,영순송빌라 N동 771호,031-966-4418,ugim@example.net
이중수,94684,전라북도 단양군 봉은사2거리 165 (성민황이동),성현김마을 B동 998호,019-480-1718,coemisug@example.net
김수민,88285,서울특별시 양천구 삼성로 163-9,혜진손마을,051-810-1512,gimjunho@example.com
이광수,07250,울산광역시 관악구 논현17거리 955 (경수이한리),진우김김마을 A동 195호,053-397-4425,hahyeonjeong@example.org
이옥자,40679,광주광역시 서초구 선릉길 351 (보람장면),병철성타운 203호,011-333-2010,ngang@example.org
장현우,99244,인천광역시 남구 삼성1가 836-79,재호이마을 132호,031-681-3513,heoseongjin@example.com
김영자,81144,충청북도 삼척시 선릉337길 938-15 (은서이안읍),상훈김김타워,044-993-5910,jinhoi@example.net
김윤서,96788,대전광역시 영등포구 강남대로 876 (은서김면),영미이양아파트 61동 801호,032-757-9356,seohyeoni@example.com
배성훈,23368,세종특별자치시 도봉구 서초대751거리 696,지아이타워 A동 197호,070-0091-4354,juweon22@example.com
김지우,36961,울산광역시 송파구 학동358가 383-68 (춘자이박마을),지원김김마을 마동 969호,02-3915-2283,seonghobag@example.net
이상철,77622,서울특별시 서대문구 학동282가 943 (유진류김읍),영자김마을 D동 027호,011-120-2714,eunjeonggim@example.com
이영진,11758,충청북도 청주시 서원구 백제고분가 390 (건우문이읍),예은조연립 262동 094호,044-837-9907,seongsu92@example.com
오건우,74604,경상남도 성남시 분당구 테헤란55거리 216,경자이빌라 240호,052-294-0857,yeongsungweon@example.com
이현우,74141,경상남도 포천시 반포대431로 233-88,서현박하타운 35동 659호,033-849-8396,si@example.net
이현주,84016,경기도 원주시 논현가 301-46 (상호서마을),준혁서차마을 762호,032-542-9281,gwangsui@example.org
박하윤,86259,전라북도 서천군 오금4로 지하991,아름김빌라 Z동 774호,062-031-5436,ugim@example.org
배지후,53525,충청북도 단양군 학동거리 835 (종수박이면),하윤최타워 508호,02-0773-5614,ucoe@example.org
송하은,63616,경상북도 부천시 오정구 영동대6로 431 (민지강서리),종수김연립 730호,033-587-9147,bgim@example.net
심현지,77104,세종특별자치시 성북구 강남대거리 361-43 (수진김김읍),정호김빌라 K동 959호,016-816-5446,wgim@example.com
김예진,38413,세종특별자치시 구로구 삼성거리 714,정식우타워 V동 834호,033-600-7656,gimseongjin@example.com
김미정,02752,전라남도 화천군 테헤란43가 146,우진황김연립 862호,010-3660-9611,seunghyeonyang@example.com
손진호,16131,제주특별자치도 증평군 개포37거리 139-3 (예은박이면),은경안연립 026동 680호,043-688-5847,ggang@example.net
배정호,55182,전라북도 영월군 석촌호수거리 560-85,영진윤마을 986호,02-0941-7319,gimjunyeong@example.net
한성현,19966,세종특별자치시 용산구 서초중앙2가 589-32,건우이타운 T동 978호,052-988-2842,iareum@example.com
정정남,75310,서울특별시 동대문구 오금길 529-52,현주이윤타운 581호,02-0992-0370,haeunsong@example.com
김은주,92235,세종특별자치시 양천구 오금603로 294 (예원이읍),도윤고빌라 710호,02-8362-7217,rgim@example.com
홍미정,49114,충청북도 수원시 팔달구 오금093길 지하307 (예준장리),민재김김연립,018-954-9110,gimgyeongsug@example.org
김정웅,16516,광주광역시 노원구 도산대가 876,민서김김타워 X동 474호,019-944-3201,noseongmin@example.com
김예원,43795,인천광역시 도봉구 서초대64로 12-91,시우우아파트,033-524-5785,seongyeongsig@example.org
한지혜,60667,전라북도 예산군 백제고분길 230,영식권박빌라 T동 187호,043-579-4577,jihunseo@example.org
김시우,78457,충청북도 금산군 개포거리 982 (채원박김리),예지이최연립 가동 970호,063-911-7149,seongmin54@example.org
김영수,58618,경상북도 안양시 동안구 테헤란558가 959-41 (성현신읍),상훈이마을 J동 143호,016-275-3155,jimin91@example.com
한예원,35546,인천광역시 관악구 언주길 833-85 (지혜최황동),지아이한연립,043-979-5739,jia48@example.com
박지은,78840,전라남도 수원시 팔달구 잠실로 524 (예진심동),지아황이연립,031-642-4278,qbag@example.com
최정훈,18926,세종특별자치시 구로구 개포7로 770,민수김마을 M동 107호,032-624-7672,jeonghungim@example.org
김성민,92969,전라북도 청양군 도산대길 519-65 (정수이이읍),광수주김빌라 152호,044-021-9071,gusubin@example.net
이서영,01241,충청남도 김포시 압구정거리 지하398 (정숙지리),미정김빌라 973호,010-7437-6381,sunjao@example.org
백미영,22178,제주특별자치도 옥천군 서초대거리 284,영식김송타워,054-929-5734,mi@example.org
이영미,71741,충청남도 김포시 역삼로 695,옥자김이타워,019-191-2802,egang@example.org
송정웅,50566,전라북도 청양군 논현7로 지하501 (지훈고리),지혜이박타운,043-482-5038,ngim@example.org
김도윤,13879,충청북도 안산시 상록구 역삼92길 417 (명숙남김동),승민오최마을 206호,051-159-4006,gyeongja73@example.org
고준영,89904,광주광역시 마포구 반포대11로 122,우진한윤타워,041-907-3187,jojeongja@example.com
김주원,78042,전라북도 안산시 상록구 강남대길 487 (윤서강조면),지연문아파트,016-063-9344,djin@example.com
김지후,31319,충청북도 양양군 역삼가 984 (준영김김동),혜진백연립 P동 534호,070-2133-4821,yeongsungim@example.org
김순옥,27952,광주광역시 관악구 학동가 200 (미숙남마을),중수김아파트 Z동 706호,063-326-4760,minjigo@example.net
박정훈,67574,부산광역시 송파구 학동거리 95,유진류아파트,054-885-7635,gimseonyeong@example.com
장민서,43401,강원도 충주시 서초대235거리 365,서영이나타워 B동 519호,062-500-5513,yejin75@example.org
이서준,77678,세종특별자치시 강서구 백제고분가 180-26 (숙자박마을),정수남김타워 186호,070-8474-2581,uyeongsun@example.com
김승민,91963,전라남도 성남시 수정구 개포거리 975-9,경희박빌라,053-429-8691,seojinho@example.net
황재현,54112,울산광역시 남구 석촌호수로 911-12,서준이아파트 B동 828호,017-619-0076,seoyeji@example.com
이민수,27061,세종특별자치시 동대문구 논현가 704-71 (상훈김동),춘자김오연립,02-6841-6122,sgu@example.net
박정호,08402,경상북도 안산시 상록구 양재천4가 604,지우김빌라,017-955-4987,seonghogim@example.org
권미영,94090,제주특별자치도 용인시 수지구 개포로 지하558,지훈신박아파트 007호,044-987-1782,lbag@example.org
이정웅,94019,경상남도 양주시 오금80가 434-54 (도현오마을),재호이타운 C동 987호,064-799-6890,yujin89@example.org
김민재,91834,경상남도 성남시 중원구 가락2가 지하27 (민준박면),미정김타운 나동 436호,062-727-1909,hgim@example.net
홍지은,31588,충청남도 부천시 오정구 가락25거리 359,예은류타운 V동 321호,070-5602-3536,mryu@example.org
김지은,27164,전라북도 안양시 동안구 역삼194로 지하566,옥순김이타워 바동 699호,052-984-7868,seoyeongim@example.net
한예진,38912,울산광역시 노원구 잠실52로 739-86 (영일윤면),은영김마을 641호,011-205-7518,minjaeyun@example.com
김주원,18911,충청남도 금산군 개포07길 670 (미경이리),준서이빌라 671호,017-508-6764,fgim@example.com
오혜진,41527,경상북도 성남시 분당구 오금8가 771 (민재장이읍),성현김이연립 967동 244호,063-557-3843,gimseoyun@example.org
정옥순,70107,전라남도 성남시 수정구 논현거리 265-68,순자안타워 481호,010-0909-6551,khan@example.org
양하윤,97334,제주특별자치도 김포시 테헤란로 지하578 (지우정마을),민준최조마을 812호,061-564-5623,gbag@example.net
서정훈,36086,충청남도 서천군 백제고분길 104,서연최오타운 789호,055-345-3233,kgim@example.org
김정순,25892,경기도 보은군 학동로 28 (영철홍리),아름김박타운 O동 816호,062-605-2483,minsugim@example.org
김현숙,26165,전라남도 논산시 서초대길 786,수빈김박연립 E동 079호,062-042-7797,seongjingim@example.com
김현숙,23407,대전광역시 중랑구 백제고분5거리 지하805 (종수한정마을),수민한마을 O동 040호,070-5140-6660,egim@example.org
강지우,28829,경상남도 용인시 수지구 압구정거리 지하979,진호오타운 508호,031-457-5003,hongjeongnam@example.net
오서영,91351,인천광역시 금천구 압구정로 196,순옥문마을 288호,010-1401-3603,ci@example.org
이경희,23175,서울특별시 성동구 압구정702로 809-44 (상훈윤면),예준류전빌라 W동 075호,043-980-7649,jiweongim@example.org
신은영,23593,충청남도 과천시 백제고분길 609,서연이장타운 U동 706호,031-679-0878,hyeonjuhwang@example.com
박경수,72156,경기도 괴산군 오금76거리 196 (정웅김임동),윤서서타운 336호,019-746-1777,si@example.com
이지우,40391,충청남도 양주시 서초대로 364,경희박정연립 973호,02-3693-4187,iyun@example.org
박하은,79112,대구광역시 서초구 영동대343가 248-40,영진오김아파트 212호,062-815-1370,hyeonjui@example.com
송경희,68399,충청남도 부여군 영동대2길 795 (성민진이마을),옥순이박타워 U동 902호,041-263-1553,jeongung37@example.com
이현정,51687,인천광역시 광진구 오금로 946-15 (지현김동),지민손연립 다동 600호,064-771-4444,gimsiu@example.org
남하은,11278,충청남도 화천군 가락025거리 10,예진이연립 K동 118호,061-681-1147,fcoe@example.net
장경수,74104,부산광역시 서구 강남대02로 595 (민준윤배마을),영철김최빌라 R동 120호,042-618-1642,juweono@example.org
김은주,45304,부산광역시 강서구 양재천18로 260 (현우김김읍),정숙유빌라 139호,063-879-4527,pseo@example.net
김아름,44712,부산광역시 마포구 가락194거리 287,정수박정빌라 420호,043-017-8323,songjeongja@example.com
손정자,24097,경기도 용인시 영동대로 822,재호지타운 G동 126호,011-014-8384,ni@example.com
심유진,83988,충청남도 평창군 압구정80길 37 (준혁하마을),순옥이연립 I동 284호,011-007-3403,jeongsu54@example.net
이성호,19220,울산광역시 송파구 서초대가 301-37 (영식조김리),숙자이마을 683호,051-319-0584,fi@example.com
나준혁,16687,대구광역시 구로구 강남대거리 지하113,미영최연립 503호,018-198-5454,xseo@example.com
홍서준,30827,서울특별시 중구 백제고분284로 지하378,예은이서빌라,061-796-0724,ijang@example.org
이지혜,55238,제주특별자치도 부여군 서초대6길 493,현숙김안빌라 바동 451호,052-863-7475,ncoe@example.com
신지우,02320,부산광역시 강북구 서초중앙로 214,영호김최타워,041-473-2480,yeweon08@example.net
박하은,76283,대구광역시 송파구 삼성27가 866,상철김이타운 191호,032-781-0729,xgim@example.net
백영수,29113,경상북도 연천군 역삼길 95,동현김김빌라,054-732-4270,ii@example.org
성진우,44397,강원도 논산시 서초대거리 734-85,지아김권연립 986호,011-388-0465,tjo@example.org
장준혁,08450,충청남도 부천시 오정구 강남대300로 753-20,예진박타워 A동 736호,010-0476-6602,igim@example.net
권지훈,97691,대구광역시 관악구 강남대거리 981-14,시우심빌라 T동 378호,019-623-0842,yeongsun81@example.org
최정희,44574,광주광역시 서초구 선릉길 945-56 (정자최읍),은정최타운,053-899-3755,yi@example.com
장순옥,34983,충청북도 천안시 서북구 삼성길 723 (우진이황동),도윤이타운 814호,044-204-6372,yi@example.net
최승민,68146,울산광역시 서구 잠실82길 39-54,성현조백빌라,041-482-2619,jeongsun56@example.org
고정웅,55103,대구광역시 강동구 잠실길 32 (영일이안마을),선영한마을 바동 174호,032-946-1725,yunyejun@example.net
장재현,19472,제주특별자치도 성남시 중원구 영동대로 526-28 (준혁이읍),성호이타운 757호,053-230-5966,hyejinbag@example.com
박현우,12310,경상남도 동해시 봉은사거리 82-91 (윤서이면),정남김아파트,070-9302-4928,gimminsu@example.com
최서연,65740,광주광역시 서구 석촌호수711길 66-63 (준호김면),상호류타운 U동 018호,016-350-3009,si@example.net
강성민,12129,서울특별시 마포구 논현거리 813-94,정남김김타워 910호,017-856-6744,jiweoni@example.com
김상철,25610,경상남도 성남시 분당구 강남대거리 81-88 (보람김동),지훈이연립 833호,033-613-7464,ygang@example.net
박재현,58528,세종특별자치시 종로구 영동대로 529 (은영김면),현준정마을 390호,032-727-9985,mgim@example.com
차경숙,52229,세종특별자치시 북구 양재천332거리 216 (진호이면),성훈김마을 700호,019-791-7363,ygim@example.net
이지민,56096,광주광역시 송파구 석촌호수51거리 466,성호김아파트 291호,052-895-5040,sunog03@example.net
박혜진,37821,전라북도 원주시 가락거리 515 (은주김강마을),경자윤타워 085호,055-846-0333,caeweon14@example.net
이동현,01523,전라북도 연천군 압구정07거리 81,민수박박아파트 V동 246호,053-801-4021,hsim@example.net
진은정,91196,대전광역시 강서구 개포69거리 476-57 (서준고김마을),현숙이타워 536동 854호,043-891-6561,iyeongho@example.net
백경수,21192,세종특별자치시 도봉구 학동6거리 522-59 (재호김성동),정웅윤아파트 C동 802호,017-256-6904,sujin82@example.net
김은정,84013,충청북도 동해시 영동대로 729 (승현이마을),건우허박타운 Y동 325호,054-818-8384,hyeonu63@example.net
최성훈,16303,대구광역시 금천구 영동대가 998 (민서이리),영희임아파트 다동 139호,042-359-1614,cgim@example.org
서진우,42246,대구광역시 서대문구 잠실9로 980-73 (서윤강이마을),재호류김마을 나동 096호,070-6556-5428,rgang@example.net
이정희,75530,서울특별시 강남구 영동대길 340,영수김이타워,019-690-2308,seojuno@example.org
권정수,35549,경기도 양구군 선릉07길 858,춘자윤아파트,019-340-6098,jiu88@example.com
강현숙,62032,제주특별자치도 부여군 학동65길 904-65 (예진조서동),정식김연립 H동 181호,02-3407-0536,jeongjagim@example.org
이영미,75161,경상북도 안산시 단원구 삼성로 지하69,예진오박타운,017-856-8815,jeongsugca@example.org
김옥자,17730,부산광역시 강동구 석촌호수4길 572,지훈김마을,019-930-0011,nbae@example.org
곽채원,64269,전라북도 광주시 오금7로 지하613 (예진이이마을),숙자김문타워,042-696-2825,van@example.org
김상훈,08824,강원도 하남시 강남대길 377,미영차빌라 바동 737호,063-915-5877,seoyeongi@example.com
백유진,38531,울산광역시 은평구 압구정603길 464-55 (옥순김읍),미영이박타워,02-6417-7054,gojongsu@example.net
김지은,50945,강원도 부천시 원미구 석촌호수가 670,도현송마을 X동 099호,062-346-7147,nyun@example.org
김준서,26199,전라남도 음성군 강남대길 582-36 (진우오이마을),미정최송빌라,063-073-1029,xgim@example.net
윤중수,62090,대구광역시 종로구 도산대로 326,예은이타워 P동 964호,041-846-3618,eyu@example.net
오영길,36529,경기도 홍성군 강남대거리 525-65 (병철최읍),민지김연립 293호,033-366-7411,mijeong62@example.com
김현숙,14644,전라북도 인제군 논현83길 265,도현최김아파트,016-577-3455,ucoe@example.net
박영진,96545,대구광역시 은평구 서초대로 71-32,지현최김아파트 982호,051-315-1524,ygang@example.com
권은경,98918,전라북도 화천군 압구정38거리 436,민석이빌라 014호,070-5991-7199,migyeongcoe@example.net
최명자,82613,광주광역시 동대문구 강남대로 536-2,경희최김아파트 J동 734호,044-878-0703,gimsunja@example.org
박광수,49839,충청북도 계룡시 양재천가 690,성수박타운 880호,02-2741-2477,jiyeongsin@example.org
박예원,12751,전라북도 태안군 양재천가 779 (명자홍김읍),춘자최이타워 848동 761호,033-837-9572,yeongsig32@example.net
김영길,13934,충청남도 천안시 동남구 테헤란67가 지하598,영희김마을 X동 755호,02-9068-8985,junho63@example.net
최영순,37517,광주광역시 송파구 학동거리 666 (지후나오면),현정권박빌라,051-635-7328,gangsunog@example.org
노영철,85460,충청북도 용인시 처인구 영동대218가 884 (미숙박심동),재현이이마을 184호,041-409-6959,kgim@example.net
신유진,80209,인천광역시 광진구 도산대로 974-15 (경희박이면),채원이차연립 Y동 832호,044-885-7419,siu72@example.com
김영환,56442,울산광역시 서대문구 강남대거리 863-11,옥자김아파트,055-815-8768,doyuncoe@example.net
박정순,12040,대구광역시 금천구 백제고분로 660 (유진민김읍),미숙김타운 Z동 375호,031-879-7226,eunjicoe@example.net
김진호,61362,충청남도 천안시 동남구 석촌호수로 291,정숙문연립 마동 926호,032-332-9613,eunseogim@example.com
김수민,35912,충청남도 양주시 반포대로 627,준영배박타운 694호,052-096-9469,sangceol44@example.net
이민재,56720,경기도 화천군 도산대로 56,지우김빌라 바동 349호,054-502-0728,minjun26@example.com
이민지,68355,경상남도 평창군 선릉471길 748-8,병철박안마을,042-896-5386,jangyeweon@example.com
이예지,03360,경기도 수원시 영통구 양재천가 705,우진박타워 가동 032호,063-462-9869,jeonghobag@example.com
한지원,54875,경기도 계룡시 선릉842거리 691-66 (지후권박리),상현윤박아파트,044-486-4595,yeongilno@example.org
최윤서,62297,전라북도 용인시 처인구 개포808길 49,영수이타워 276호,062-959-6992,icoe@example.com
황성진,30627,울산광역시 동구 언주로 633-91 (정수강마을),성호박아파트,02-5801-4075,ijungsu@example.com
장은영,17053,서울특별시 중랑구 학동길 707,성현백연립,062-879-9799,sangho93@example.org
김은정,22973,서울특별시 서초구 영동대01거리 122-41,지현김연립 N동 910호,044-181-5247,coesunog@example.com
박주원,62164,강원도 부천시 오정구 논현길 110-32 (지은권마을),정훈박연립,033-267-4142,jihunbag@example.com
서정호,33913,서울특별시 관악구 테헤란3거리 183-54 (영진오동),영환김마을 643호,044-576-7868,yunseoi@example.org
이미정,70580,충청북도 고양시 잠실길 286-26 (상훈이읍),지우성아파트,054-783-1801,caeweon45@example.com
남은지,52865,서울특별시 마포구 가락가 285 (정식이홍마을),성민박타운 A동 524호,042-553-9869,yeongmiseo@example.net
김준영,38995,경상북도 안성시 선릉7길 201-32 (미경윤동),혜진손장연립 가동 087호,052-998-1647,yeongsug00@example.org
최성민,91751,부산광역시 광진구 압구정4거리 948 (지민민홍면),지은배강타워 777호,053-363-7277,wgo@example.com
양영호,33844,강원도 계룡시 석촌호수179가 지하779 (현주양동),수빈이김타워,010-3397-3977,eunseobag@example.org
김은서,08442,전라북도 과천시 오금가 444 (상현강리),현정이빌라 182호,011-121-8542,pgim@example.org
이예진,72524,대구광역시 남구 서초대길 166,재현황연립 472호,033-539-8068,yeongjinbaeg@example.net
이은정,87515,전라북도 동해시 선릉거리 217,성호김타운 V동 308호,010-9474-9689,seoyeongim@example.net
신아름,67389,인천광역시 동작구 테헤란8거리 130,보람나이마을 J동 630호,032-476-2231,po@example.net
최혜진,10979,울산광역시 영등포구 선릉로 897 (수진장황마을),건우김김연립,061-433-4788,fgim@example.net
차광수,98164,충청남도 청주시 상당구 봉은사거리 597,영미김연립,019-344-4782,cunjagim@example.com
김순옥,42325,세종특별자치시 구로구 봉은사6길 지하665 (정남김읍),미영이타운,017-005-4669,jaeho37@example.org
박승민,81263,경기도 수원시 권선구 도산대702로 424 (영호김읍),우진문아파트,011-025-0931,minseo53@example.net
김서연,40684,경상남도 삼척시 강남대695길 156-36 (서준박백마을),영철윤김마을 900호,042-441-2596,eunju62@example.org
조서윤,64183,강원도 광주시 삼성가 635-9,서현황연립 080호,017-115-8840,jihyeu@example.net
김광수,00255,대구광역시 마포구 역삼075로 651 (영식김차읍),은경김아파트 001호,010-3886-2890,hyeonjeong76@example.net
박서준,05260,충청북도 철원군 서초중앙거리 412,민수안아파트,011-647-8201,sunjai@example.org
한미숙,56127,부산광역시 은평구 양재천거리 940 (정숙박박면),민재이아파트 M동 528호,061-067-6220,eunjeong77@example.org
장수진,03517,부산광역시 서구 개포거리 732-36 (상현조이읍),진호안홍연립,031-293-1402,gojeongho@example.org
심숙자,45490,경기도 삼척시 삼성36거리 451-44,영순권마을 097호,055-891-6589,hyeonuson@example.org
이현우,74519,인천광역시 성북구 학동거리 799 (도현장읍),시우지박타운 769호,055-750-1421,bagsugja@example.com
이예은,95525,대구광역시 관악구 삼성거리 715-9 (보람이박마을),건우이송연립,019-851-2755,hi@example.net
이명자,32991,부산광역시 관악구 백제고분길 857,옥자이마을,070-4527-3732,ijunho@example.com
